products:ID,value,:LABEL
2050342,金宝理财2020055期,理财产品
2050341,金宝理财2020054期,理财产品
2032663,公司红棉理财-XX天资产组合投资型人民币理财产品,理财产品
2075330,"\""金杉聚富\""530期人民币理财产品",理财产品
2050337,金宝理财2020050期,理财产品
2075322,"\""金杉聚富\""529期人民币理财产品",理财产品
2050336,金宝理财2020049期,理财产品
2083055,定海海洋农商银行“海洋187号”人民币理财产品,理财产品
2050335,金宝理财2020048期,理财产品
2083553,普陀农商银行丰收信福2020年第44期封闭式净值型理财产品,理财产品
2080971,义乌农商银行“丰收·喜盈”2020年第64期人民币理财产品,理财产品
2080970,义乌农商银行“丰收·喜盈”2020年第63期人民币理财产品,理财产品
2078128,宁波市市区农村信用合作联社丰收信福净值型理财产品第2020013A期,理财产品
2077645,桐庐农商银行丰收信福1年封闭净值型2020年第3期理财产品,理财产品
2080981,义乌农商银行“丰收·富盈”2020年第60期人民币理财产品,理财产品
2079816,尧享如意系列理财产品2020年第3期,理财产品
2078729,浙江长兴农村商业银行股份有限公司“丰收信福”2020年第21期封闭净值型人民币理财产品,理财产品
2079789,南浔银行丰收信福理财2020年第22期（总第40期）,理财产品
2082338,浙江安吉农村商业银行股份有限公司“丰收·信福”2020年第19期封闭净值型人民币理财产品,理财产品
2080980,义乌农商银行“丰收·富盈”2020年第59期人民币理财产品,理财产品
2080968,义乌农商银行“丰收·喜盈”2020年第61期人民币理财产品,理财产品
2077725,南充农商银行财汇盈·升金第57期非保本浮动收益型理财产品,理财产品
2079696,紫气东来人民币理财计划872期,理财产品
2079691,紫气东来人民币理财计划尊享452期,理财产品
2078554,2020年“金成鑫”智惠盈24号人民币理财产品,理财产品
2078127,宁波市市区农村信用合作联社丰收信福净值型理财产品第2020012A期,理财产品
2077642,浙江桐庐农村商业银行股份有限公司丰收信福2020年第26期封闭净值型人民币理财产品,理财产品
2080966,义乌农商银行“丰收·喜盈”2020年第59期人民币理财产品,理财产品
2078169,喜利宝2020年第38期,理财产品
2078168,喜利宝2020年第37期,理财产品
2077573,淳安农商丰收信福2020年第10期封闭净值型理财产品,理财产品
2050333,金宝理财2020046期,理财产品
2082196,浙江安吉农村商业银行股份有限公司“丰收·信福”2020年第18期封闭净值型人民币理财产品,理财产品
2080978,义乌农商银行“丰收·富盈”2020年第57期人民币理财产品,理财产品
2080965,义乌农商银行“丰收·喜盈”2020年第58期人民币理财产品,理财产品
2079740,柯城农商银行“丰收·信福”2020年第7期封闭式净值型理财产品,理财产品
2080977,义乌农商银行“丰收·富盈”2020年第56期人民币理财产品,理财产品
2079788,南浔银行丰收信福理财2020年第21期（总第39期）,理财产品
2079601,“药都聚财”系列2020年第88期非保本型人民币公募理财产品,理财产品
2079584,“药都聚财”系列2020年第87期非保本型人民币公募理财产品,理财产品
2078014,瑞安农商银行丰收信福2020年第037期封闭式净值型理财产品,理财产品
2077644,桐庐农商银行丰收信福1年封闭净值型2020年第2期理财产品,理财产品
2083547,普陀农商银行丰收信福2020年第38期封闭式净值型理财产品,理财产品
2081162,浙江开化农村商业银行股份有限公司丰收信福2020年第6期净值型人民币理财产品,理财产品
2080964,义乌农商银行“丰收·喜盈”2020年第57期人民币理财产品,理财产品
2078167,喜利宝2020年第36期,理财产品
2082653,定海海洋农商银行“海洋185号”人民币理财产品,理财产品
2081589,2020年盂盈斗金28号人民币理财产品,理财产品
2079403,丰收丰叶A2020年第75期,理财产品
2078727,浙江长兴农村商业银行股份有限公司“丰收信福”2020年第19期封闭净值型人民币理财产品,理财产品
2075541,中银平稳理财计划-智荟系列208743期,理财产品
2070468,"\""金杉聚富\""525期人民币理财产品",理财产品
2050332,金宝理财2020045期,理财产品
2079582,“药都聚财”系列2020年第86期非保本型人民币公募理财产品,理财产品
2079576,“药都聚财”系列2020年第85期非保本型人民币公募理财产品,理财产品
2079549,邮银财富·智享2020年第57期,理财产品
2079544,邮银财富·智享2020年第54期,理财产品
2078953,"\""幸福99\""丰裕盈家KF01号银行理财计划第5116期预约94天型",理财产品
2078932,浙江安吉农村商业银行股份有限公司“丰收·信福”2020年第17期封闭净值型人民币理财产品,理财产品
2076968,宁波通商银行“通银丰利”系列薪利盈理财2号第1022期个人理财计划,理财产品
2073124,廊坊银行坊银系列理财稳健型1号2067期（个人客户）,理财产品
2071249,明珠理财月月赢系列2020年第281期,理财产品
2057991,邮银财富·债券2020年第60期,理财产品
2080411,尧享稳赢系列理财产品2020年第1期,理财产品
2080406,普陀农商银行丰收信福2020年第37期封闭式净值型理财产品,理财产品
2079955,浙江临安农村商业银行股份有限公司丰收信福2020年第32期封闭式净值型人民币理财产品,理财产品
2078961,“幸福99”丰裕3号固定收益类20098期银行理财计划,理财产品
2078744,金昭阳理财2020年24期,理财产品
2078125,宁波市市区农村信用合作联社丰收信福净值型理财产品第2020010A期,理财产品
2078013,瑞安农商银行丰收信福2020年第036期封闭式净值型理财产品,理财产品
2077783,“药都聚财”系列2020年第83期非保本型人民币公募理财产品,理财产品
2077640,浙江桐庐农村商业银行股份有限公司丰收信福2020年第24期封闭净值型人民币理财产品,理财产品
2077056,“如意宝”YB200112期人民币理财产品,理财产品
2074916,运通财富通家乐347号,理财产品
2073123,廊坊银行坊银系列理财稳健型1号2066期（个人客户）,理财产品
2071877,稳健成长（2020）103期,理财产品
2071276,“红棉理财·广银增富”资产组合投资型人民币理财产品,理财产品
2056343,金成鑫.满多多2期理财产品,理财产品
2080974,义乌农商银行“丰收·富盈”2020年第53期人民币理财产品,理财产品
2080958,义乌农商银行“丰收·信福”2020年第17期净值型人民币理财产品,理财产品
2079400,丰收丰叶A2020年第72期,理财产品
2078954,"\""幸福99\""丰裕盈家KF01号银行理财计划第5117期预约96天型",理财产品
2077549,中银理财“稳富”固收增强（封闭式）2020年58期,理财产品
2077469,承德银行“热河财富”非保本型人民币理财产品2020年第20期,理财产品
2077112,“财坤”CK200187期人民币理财产品,理财产品
2077097,“财坤”CK200172期人民币理财产品,理财产品
2077065,“财丰理财”CF200193期人民币理财产品,理财产品
2076967,宁波通商银行“通银丰利”系列薪利盈理财2号第1021期个人理财计划,理财产品
2074859,顺德农商银行顺盈2号开放式净值型理财产品,理财产品
2073122,廊坊银行坊银系列理财稳健型1号2065期（个人客户）,理财产品
2073120,廊坊银行坊银系列理财稳健型1号2063期（个人客户）,理财产品
2073087,廊坊银行“京津明珠”理财智富系列01号825期（个人客户）,理财产品
2071248,明珠理财月月赢系列2020年第280期,理财产品
2068629,蕴通财富粤新享,理财产品
2066709,珠海农商银行金盈丰盈系列第955期,理财产品
2081622,丹东银行“银杏理财”第20206009期理财产品,理财产品
2081429,久赢理财-聚富20022号,理财产品
2081427,久赢理财-安富20088号,理财产品
2080972,义乌农商银行“丰收·富盈”2020年第51期人民币理财产品,理财产品
2080961,义乌农商银行“丰收·喜盈”2020年第54期人民币理财产品,理财产品
2079666,丰收信福2020年第29期封闭净值型理财产品,理财产品
2079402,丰收丰叶A2020年第74期,理财产品
2079343,兰溪农商银行“丰收信福”2020年第10期封闭净值型人民币理财产品,理财产品
2079050,中银基智通理财计划-流动性增强系列2020年A20533期,理财产品
2079048,中银基智通理财计划-流动性增强系列2020年A20535期,理财产品
2078959,“幸福99”丰裕3号固定收益类20096期银行理财计划,理财产品
2078950,"\""幸福99\""丰裕盈家KF01号银行理财计划第5113期预约35天型",理财产品
2078789,南昌农商银行百福理财禧临门系列CG10620200630097,理财产品
2078726,浙江长兴农村商业银行股份有限公司“丰收信福”2020年第18期封闭净值型人民币理财产品,理财产品
2078111,昆明官渡农村合作银行农信赢安心系列净值型理财产品第49期,理财产品
2078110,昆明官渡农村合作银行农信赢安心系列净值型理财产品第48期,理财产品
2078109,昆明官渡农村合作银行农信赢安心系列净值型理财产品第47期,理财产品
2078012,瑞安农商银行丰收信福2020年第035期封闭式净值型理财产品,理财产品
2077765,"临海农商银行\""丰收信福\""2020年第35期净值型人民币理财产品",理财产品
2077596,余姚农村商业银行丰收信福2020044期封闭净值型理财产品,理财产品
2074029,交银理财稳享固收精选两年定开2号理财产品,理财产品
2073862,定海海洋农商银行“海洋184号”人民币理财产品,理财产品
2071882,稳健成长（2020）108期,理财产品
2071727,佛山农商银行2020年金狮理财福禄系列第120期理财计划,理财产品
2071245,明珠理财月月赢系列2020年第277期,理财产品
2068634,蕴通财富粤惠1号,理财产品
2066459,金葵树同赢191219期理财产品,理财产品
2052230,紫金财富安鑫盈200043期人民币理财产品,理财产品
2048010,中国建设银行上海市分行“乾元―智盈”2020年第106期（高净客户）人民币理财产品,理财产品
2046886,交银理财稳享固收增强2年封闭式10号（私银专享）理财产品,理财产品
1921391,润盈财富3号216期,理财产品
2083838,渤海银行FG20021号封闭式固定收益类净值型理财产品,理财产品
2083837,渤海银行FG20020号封闭式固定收益类净值型理财产品,理财产品
2081803,阳光紫尊享1期,理财产品
2080408,普陀农商银行丰收信福2020年第36期封闭式净值型理财产品,理财产品
2079629,"新昌农商银行\""天姥创富\""2020年第70期人民币理财产品",理财产品
2079545,邮银财富·瑞享2020年第86期,理财产品
2079542,邮银财富·债券2020年第95期,理财产品
2079231,中银平稳理财计划-智荟系列202181期,理财产品
2079227,中银平稳理财计划-智荟系列202177期,理财产品
2079226,中银平稳理财计划-智荟系列202176期,理财产品
2079184,(财富级客户专属)中银平稳理财计划-智荟系列202135期,理财产品
2079057,中银基智通理财计划-流动性增强系列2020年A20526期,理财产品
2079056,中银基智通理财计划-流动性增强系列2020年A20527期,理财产品
2078955,"\""幸福99\""丰裕盈家KF02号银行理财计划第2995期预约35天型",理财产品
2078381,中国建设银行山东省分行“乾元通财”2020年第229期理财产品,理财产品
2078166,喜利宝2020年第35期,理财产品
2078032,“幸福99”卓越增盈小企业专属第200082期预约98天型,理财产品
2078031,“幸福99”卓越增盈小企业专属第200081期预约31天型,理财产品
2077973,元亨第2031期净值型人民币理财产品,理财产品
2077835,徽商银行智慧理财“创赢”系列-徽福固定收益类净值型理财产品200010,理财产品
2077771,“药都聚财”系列2020年第82期非保本型人民币公募理财产品,理财产品
2077413,(邀约专属)中银平稳理财计划-智荟系列201996期,理财产品
2076982,宁波通商银行“通银丰利”系列安心赢理财第58期,理财产品
2076978,宁波通商银行“通银丰利”系列薪利盈理财8号第144期个人理财计划,理财产品
2076965,宁波通商银行“通银丰利”系列薪利盈理财2号第1019期个人理财计划,理财产品
2076634,中银理财-智富（封闭式）2020年20期,理财产品
2076631,中银理财“稳富”固收增强（封闭式）2020年52期,理财产品
2075544,中银平稳理财计划-智荟系列208746期,理财产品
2075543,中银平稳理财计划-智荟系列208745期,理财产品
2075540,中银平稳理财计划-智荟系列208742期,理财产品
2075539,中银平稳理财计划-智荟系列208741期,理财产品
2075482,富民尊荣第00316期人民币理财产品,理财产品
2074352,永康农商银行“丰收.吉祥”2020年第50期人民币理财产品,理财产品
2073943,元亨第2022期净值型人民币理财产品,理财产品
2073119,廊坊银行坊银系列理财稳健型1号2062期（个人客户）,理财产品
2072706,上海银行“惠享”系列理财产品（WPHX20M03024期),理财产品
2072101,(手机银行理财季)中银平稳理财计划-智荟系列201789期,理财产品
2071726,佛山农商银行2020年金狮理财福禄系列第119期理财计划,理财产品
2070595,鼎泰丰2020027期人民币理财产品,理财产品
2068822,福通A20074期人民币理财产品,理财产品
2067903,"\""金杉聚富\""524期人民币理财产品",理财产品
2066457,金葵树同赢191217期理财产品,理财产品
2064537,农银理财“农银进取·两年开放”价值精选第6期人民币理财产品,理财产品
2059369,吉祥-添金第2075期人民币理财产品,理财产品
2059189,蕴通财富粤享,理财产品
2057772,中国建设银行苏州分行“乾元-鑫溢江南”非保本型人民币2020年第576期理财产品,理财产品
2047962,中国建设银行上海市分行“乾元”盈系列2020年第86期人民币理财产品,理财产品
1893179,浦发银行启臻逐月系列之养老精选16号理财计划,理财产品
2084249,“幸福99”金钻固定收益类20093期银行理财计划,理财产品
2084150,中国建设银行“乾元―特享型”固定收益类封闭式净值型人民币理财产品2020年第12期,理财产品
2083867,“富民共利”2020年第六期净值型人民币理财产品,理财产品
2083380,2020封闭式私募净值型13067号（迎行庆助发展专属理财）,理财产品
2081793,工银浙江法人固定收益类理财产品20ZJ013J,理财产品
2079290,中银平稳理财计划-智荟系列202240期,理财产品
2079266,中银平稳理财计划-智荟系列202216期,理财产品
2079217,中银平稳理财计划-智荟系列202167期,理财产品
2078964,“幸福99”卓越增盈第200166期预约35天型,理财产品
2078920,浙江安吉农村商业银行股份有限公司“丰收·信福”2020年第16期封闭净值型人民币理财产品,理财产品
2078887,海融财富·钱潮系列人民币个人理财计划2020年83期,理财产品
2078886,海融财富·钱潮系列人民币个人理财计划2020年82期,理财产品
2078885,海融财富·钱潮系列人民币个人理财计划2020年81期,理财产品
2078871,海融财富·尊享系列人民币个人理财计划2020年181期,理财产品
2078833,海融财富·创赢系列人民币个人理财计划2020年523期,理财产品
2078815,海融财富·创赢系列人民币个人理财计划2020年505期,理财产品
2078803,海融财富·创赢系列人民币个人理财计划2020年493期,理财产品
2078379,中国建设银行山东省分行“乾元通财”2020年第227期理财产品,理财产品
2077794,益民理财·“盈鑫”理财计划588号,理财产品
2077250,聚多宝·多盈第20021期净值型人民币理财产品,理财产品
2076616,中国建设银行苏州分行“乾元―鑫溢江南”非保本型人民币2020年第297期理财产品,理财产品
2074017,龙盈固定收益类TS款23号理财产品,理财产品
2073802,2020汇富净值378期,理财产品
2073798,2020汇富净值374期,理财产品
2072668,“乾元-顺鑫”2020年第77期理财产品,理财产品
2071725,佛山农商银行2020年金狮理财福禄系列第118期理财计划,理财产品
2071051,蒙银财慧系列20074期A款,理财产品
2068287,漓江理财2020-94期（夜市专享）,理财产品
2065911,“财丰理财”CF200186期人民币理财产品,理财产品
2065909,“财丰理财”CF200184期人民币理财产品,理财产品
2065871,“财坤”CK200152期人民币理财产品,理财产品
2065529,中国建设银行浙江省分行“乾元-赢来赢往系列”2020年第7期封闭式净值型人民币理财产品,理财产品
2065528,中国建设银行浙江省分行“乾元-赢来赢往系列”2020年第6期封闭式净值型人民币理财产品,理财产品
2065468,顺德农村商业银行精英理财系列之优利增长1号20034期人民币理财计划,理财产品
2047981,兴业银行和鑫财富-鑫·胜系列2020年第01期非保本浮动收益封闭式人民币理财产品D款,理财产品
2047488,小龙人理财和盛系列龙信1062号,理财产品
2046681,公司红棉理财-XX天资产组合投资型人民币理财产品,理财产品
2034221,新盈377号B款,理财产品
2034220,新盈377号A款,理财产品
2013310,中信理财之智赢稳健定开系列05期人民币理财产品,理财产品
2035487,大华银行（中国）“尊享”代客境外理财计划证券挂钩可转换结构性票据人民币A境外人民币计价款ELNTM20011CNYH,理财产品
2035062,中银平稳理财计划-智荟系列208373期,理财产品
2050340,金宝理财2020053期,理财产品
2050339,金宝理财2020052期,理财产品
2050338,金宝理财2020051期,理财产品
2073617,"\""金杉聚富\""528期人民币理财产品",理财产品
2082387,浙江安吉农村商业银行股份有限公司“富润·安吉”2020年第26期人民币理财产品,理财产品
2080982,义乌农商银行“丰收·富盈”2020年第61期人民币理财产品,理财产品
2083012,定海海洋农商银行“海洋186号”人民币理财产品,理财产品
2081261,浙江临安农村商业银行股份有限公司丰收信福2020年第30期封闭式净值型人民币理财产品,理财产品
2077643,浙江桐庐农村商业银行股份有限公司丰收信福2020年第27期封闭净值型人民币理财产品,理财产品
2083550,普陀农商银行丰收信福2020年第40期封闭式净值型理财产品,理财产品
2080969,义乌农商银行“丰收·喜盈”2020年第62期人民币理财产品,理财产品
2079405,丰收丰叶A2020年第77期,理财产品
2073596,"\""金杉聚富\""527期人民币理财产品",理财产品
2050334,金宝理财2020047期,理财产品
2079401,丰收丰叶A2020年第73期,理财产品
2078245,浙江青田农村商业银行股份有限公司“盈侨·赢赢得利”2020年第25期人民币理财产品,理财产品
2083552,普陀农商银行丰收信福2020年第43期封闭式净值型理财产品,理财产品
2082735,定海海洋农商银行“丰收信福”2020A003期净值型理财产品,理财产品
2081260,浙江临安农村商业银行股份有限公司丰收信福2020年第29期封闭式净值型人民币理财产品,理财产品
2080967,义乌农商银行“丰收·喜盈”2020年第60期人民币理财产品,理财产品
2083548,普陀农商银行丰收信福2020年第39期封闭式净值型理财产品,理财产品
2080979,义乌农商银行“丰收·富盈”2020年第58期人民币理财产品,理财产品
2080960,义乌农商银行“丰收·信福”2020年第19期净值型人民币理财产品,理财产品
2082721,定海海洋农商银行“丰收信福”2020年012期净值型理财产品,理财产品
2082261,浙江安吉农村商业银行股份有限公司“富润·安吉”2020年第25期人民币理财产品,理财产品
2079817,尧享心安系列理财产品2020年第2期,理财产品
2079404,丰收丰叶A2020年第76期,理财产品
2078728,浙江长兴农村商业银行股份有限公司“丰收信福”2020年第20期封闭净值型人民币理财产品,理财产品
2070561,"\""金杉聚富\""526期人民币理财产品",理财产品
2081456,江山农商银行丰收信福2020年第8期封闭净值型理财产品,理财产品
2083551,普陀农商银行丰收信福2020年第42期封闭式净值型理财产品,理财产品
2083232,衢江农商银行“丰收信福”2020年第5期封闭净值型理财产品,理财产品
2081259,浙江临安农村商业银行股份有限公司丰收信福2020年第28期封闭式净值型人民币理财产品,理财产品
2078126,宁波市市区农村信用合作联社丰收信福净值型理财产品第2020011A期,理财产品
2077641,浙江桐庐农村商业银行股份有限公司丰收信福2020年第25期封闭净值型人民币理财产品,理财产品
2071880,稳健成长（2020）106期,理财产品
2080976,义乌农商银行“丰收·富盈”2020年第55期人民币理财产品,理财产品
2080959,义乌农商银行“丰收·信福”2020年第18期净值型人民币理财产品,理财产品
2079695,紫气东来人民币理财计划871期,理财产品
2071879,稳健成长（2020）105期,理财产品
2079411,丰收丰润2020年第48期,理财产品
2079410,丰收丰润2020年第47期,理财产品
2079409,丰收丰润2020年第46期,理财产品
2079344,兰溪农商银行“丰收信福”2020年第11期封闭净值型人民币理财产品,理财产品
2078933,浙江安吉农村商业银行股份有限公司“富润·安吉”2020年第24期人民币理财产品,理财产品
2066460,金葵树同赢191220期理财产品,理财产品
2080963,义乌农商银行“丰收·喜盈”2020年第56期人民币理财产品,理财产品
2079811,龙游农商行丰收信福2020年第七期封闭净值型理财产品,理财产品
2077724,南充农商银行财汇盈·添金第81期保本浮动收益型理财产品,理财产品
2079543,邮银财富·尊享2020年第30期,理财产品
2076269,蕴通财富粤新享,理财产品
2071878,稳健成长（2020）104期,理财产品
2071251,明珠理财月月赢系列2020年第283期,理财产品
2071250,明珠理财月月赢系列2020年第282期,理财产品
2082772,普陀农商银行丰收信福2020年第41期封闭式净值型理财产品,理财产品
2080975,义乌农商银行“丰收·富盈”2020年第54期人民币理财产品,理财产品
2080962,义乌农商银行“丰收·喜盈”2020年第55期人民币理财产品,理财产品
2079953,浙江临安农村商业银行股份有限公司丰收信福2020年第27期封闭式净值型人民币理财产品,理财产品
2079787,南浔银行丰收信福理财2020年第20期（总第38期）,理财产品
2079694,紫气东来人民币理财计划870期,理财产品
2079689,紫气东来人民币理财计划稳健1297期,理财产品
2078962,“幸福99”丰裕3号固定收益类20099期银行理财计划,理财产品
2078958,"\""幸福99\""丰裕盈家KF02号银行理财计划第2998期预约95天型",理财产品
2078578,福通T20053期人民币理财产品,理财产品
2077787,“药都聚财”系列2020年第84期非保本型人民币公募理财产品,理财产品
2077256,浙江金华成泰农村商业银行股份有限公司“丰收信福”2020年第十期封闭净值型人民币理财产品,理财产品
2077055,“如意宝”YB200110期人民币理财产品,理财产品
2068639,蕴通财富粤惠2号,理财产品
2081588,2020年盂盈斗金27号人民币理财产品,理财产品
2081431,久赢理财-安富20090号,理财产品
2080973,义乌农商银行“丰收·富盈”2020年第52期人民币理财产品,理财产品
2079399,年年有余一年定开7号,理财产品
2079325,吉祥如意吉祥·福第二十一期净值型理财产品,理财产品
2079307,(杏林卡专属)中银平稳理财计划-智荟系列202257期,理财产品
2078926,浙江安吉农村商业银行股份有限公司“财赋·安吉”2020年第19期人民币理财产品,理财产品
2078755,丰收信福2020年第17期封闭净值型,理财产品
2078244,浙江青田农村商业银行股份有限公司“盈侨·赢赢得利”2020年第24期人民币理财产品,理财产品
2077571,淳安农商丰收信福2020年第09期封闭净值型理财产品,理财产品
2077101,“财坤”CK200176期人民币理财产品,理财产品
2077066,“财丰理财”CF200194期人民币理财产品,理财产品
2075546,中银平稳理财计划-智荟系列208748期,理财产品
2073382,珠海农商银行金盈丰盈系列第979期,理财产品
2073121,廊坊银行坊银系列理财稳健型1号2064期（个人客户）,理财产品
2072589,厦门银行融鑫创信6个月定开8号净值型理财产品,理财产品
2071876,稳健成长（2020）102期,理财产品
2071733,建信理财“嘉鑫”封闭式理财产品2020年第52期,理财产品
2069407,广州银行红棉理财·智选系列理财产品（社保客户专享）,理财产品
2059033,顺德农商银行精英理财德享20027期封闭净值型理财产品,理财产品
2046550,顺德农商银行精英理财顺利20005期封闭净值型理财管理计划,理财产品
2083939,工银理财-共赢3号(沪)2020年法人专户第008期-20SH008Z,理财产品
2081606,丹东银行“意盈鑫”第20207027期沈阳大连辽阳营口地区专属理财产品,理财产品
2081605,丹东银行“意盈鑫”第20209056期理财产品,理财产品
2081430,久赢理财-e富20008号,理财产品
2081428,久赢理财-安富20089号,理财产品
2081324,丹东银行“意盈鑫”第20209055期理财产品,理财产品
2079241,中银平稳理财计划-智荟系列202191期,理财产品
2079237,中银平稳理财计划-智荟系列202187期,理财产品
2079236,中银平稳理财计划-智荟系列202186期,理财产品
2079049,中银基智通理财计划-流动性增强系列2020年A20534期,理财产品
2078960,“幸福99”丰裕3号固定收益类20097期银行理财计划,理财产品
2078952,"\""幸福99\""丰裕盈家KF01号银行理财计划第5115期预约89天型",理财产品
2078951,"\""幸福99\""丰裕盈家KF01号银行理财计划第5114期预约63天型",理财产品
2078839,南昌农商银行百福理财禧临门系列CG10620200630098,理财产品
2078255,2020年长吉55期,理财产品
2077597,余姚农村商业银行丰收信福2020045期封闭净值型理财产品,理财产品
2076966,宁波通商银行“通银丰利”系列薪利盈理财2号第1020期个人理财计划,理财产品
2076385,中银平稳理财计划-智荟系列209110期,理财产品
2075353,中国建设银行辽宁省分行“乾元-天长利久”2020年227期理财产品,理财产品
2074441,金阿福创赢半年享净值型理财,理财产品
2073605,南通农村商业银行金贝财富·共盈理财季季丰惠民专享-7,理财产品
2073603,南通农村商业银行金贝财富·共盈理财双月盈-181,理财产品
2073602,南通农村商业银行金贝财富·共盈理财月月盈-181,理财产品
2072248,吉林银行吉利财富成长系列2020年第87期,理财产品
2071986,萧山农商银行“萧银理财增盈”2020年第276期人民币理财产品,理财产品
2071336,金翼宝系列948号,理财产品
2071275,“红棉理财·广银增富”资产组合投资型人民币理财产品,理财产品
2071247,明珠理财月月赢系列2020年第279期,理财产品
2071246,明珠理财月月赢系列2020年第278期,理财产品
2068968,创富317期98天,理财产品
2059190,蕴通财富粤享,理财产品
2052563,金宝理财2020044期,理财产品
2023611,顺德农商银行精英理财顺享20015期封闭净值型理财管理计划,理财产品
2080883,珠海农商银行金盈丰盈系列第996期,理财产品
2079551,邮银财富·智享2020年第55期,理财产品
2079548,邮银财富·智享2020年第58期,理财产品
2079541,邮银财富·智享2020年第56期,理财产品
2079183,(理财级客户专属)中银平稳理财计划-智荟系列202134期,理财产品
2079055,中银基智通理财计划-流动性增强系列2020年A20528期,理财产品
2079054,中银基智通理财计划-流动性增强系列2020年A20529期,理财产品
2078957,"\""幸福99\""丰裕盈家KF02号银行理财计划第2997期预约90天型",理财产品
2078956,"\""幸福99\""丰裕盈家KF02号银行理财计划第2996期预约63天型",理财产品
2078913,“万利宝”个人理财2020年第8期,理财产品
2078699,招商银行青葵系列两年定开010号理财计划,理财产品
2078030,“幸福99”卓越增盈小企业专属第200080期预约31天型,理财产品
2077766,“药都聚财”系列2020年第81期非保本型人民币公募理财产品,理财产品
2076127,私银粤盈,理财产品
2075747,上海银行惠享系列理财产品WPHX20Y03045期,理财产品
2075545,中银平稳理财计划-智荟系列208747期,理财产品
2075481,富民鹿泽第00166期净值型人民币理财产品,理财产品
2073381,珠海农商银行金盈丰盈系列第978期,理财产品
2073380,珠海农商银行金盈丰盈系列第977期,理财产品
2072249,吉林银行吉利财富成长系列2020年第88期,理财产品
2071995,萧山农商银行“萧银理财增盈”2020年第275期人民币理财产品,理财产品
2071257,明珠理财月月赢系列2020年第289期,理财产品
2069416,农银理财“农银安心·两年开放”第6期人民币理财产品,理财产品
2066721,珠海农商银行金盈丰盈系列第967期,理财产品
2052338,临商银行惠盈系列理财产品1年期第2005号,理财产品
2048009,中国建设银行上海市分行“乾元―智盈”2020年第105期（高净客户）人民币理财产品,理财产品
2046220,工银理财共赢3号（京）2020年50期A款,理财产品
2009172,兴业银行“天天万利宝”2020年第21期非保本浮动收益封闭型人民币理财产品N款,理财产品
2084516,青岛农商银行创富优享35号,理财产品
2084196,明珠理财月月赢系列2020年单一定制第29期,理财产品
2084052,佛山农商银行2020年金狮理财锦华系列第87期理财计划,理财产品
2083910,广州银行红棉理财·智选系列理财产品(私享款）,理财产品
2083840,渤海银行FG20023号封闭式固定收益类净值型理财产品,理财产品
2083839,渤海银行FG20022号封闭式固定收益类净值型理财产品,理财产品
2083835,2020封闭式私募净值型161号,理财产品
2083379,2020封闭式私募净值型13066号（迎行庆助发展专属理财）,理财产品
2083310,德州银行“德财富-金管嘉系列”2020年第19期人民币理财产品,理财产品
2083272,中国建设银行山东省分行“乾元通财”2020年第619期理财产品,理财产品
2083206,“锦鲤鱼2020第14期”净值型人民币理财产品,理财产品
2079493,东莞银行玉兰理财价值成长年丰8号开放式净值型理财产品,理财产品
2079408,丰收丰润2020年第45期,理财产品
2079407,丰收丰润2020年第44期,理财产品
2079406,丰收丰润2020年第43期,理财产品
2079274,中银平稳理财计划-智荟系列202224期,理财产品
2079263,中银平稳理财计划-智荟系列202213期,理财产品
2079221,中银平稳理财计划-智荟系列202171期,理财产品
2079216,中银平稳理财计划-智荟系列202166期,理财产品
2078965,“幸福99”卓越增盈第200167期预约90天型,理财产品
2078963,“幸福99”卓越增盈第200165期预约35天型,理财产品
2078866,海融财富·尊享系列人民币个人理财计划2020年176期,理财产品
2078859,海融财富·尊享系列人民币个人理财计划2020年171期,理财产品
2078809,海融财富·创赢系列人民币个人理财计划2020年499期,理财产品
2078761,海融财富·创赢系列人民币个人理财计划2020年465期,理财产品
2078380,中国建设银行山东省分行“乾元通财”2020年第228期理财产品,理财产品
2078378,中国建设银行山东省分行“乾元通财”2020年第226期理财产品,理财产品
2078374,中国建设银行山东省分行“乾元通财”2020年第222期理财产品,理财产品
2077251,聚多宝·多盈第20022期净值型人民币理财产品,理财产品
2077104,“财坤”CK200179期人民币理财产品,理财产品
2076617,中国建设银行苏州分行“乾元―鑫溢江南”非保本型人民币2020年第298期理财产品,理财产品
2076020,中国建设银行苏州分行“乾元―鑫溢江南”非保本型人民币2020年第277期理财产品,理财产品
2076019,中国建设银行苏州分行“乾元―鑫溢江南”非保本型人民币2020年第276期理财产品,理财产品
2075547,中银平稳理财计划-智荟系列208749期,理财产品
2075542,中银平稳理财计划-智荟系列208744期,理财产品
2075219,浙江富阳农村商业银行股份有限公司丰收喜乐2020年第129期人民币理财产品,理财产品
2075218,浙江富阳农村商业银行股份有限公司丰收喜乐2020年第128期人民币理财产品,理财产品
2075204,浙江富阳农村商业银行股份有限公司丰收喜乐2020年第130期人民币理财产品,理财产品
2072988,创盈系列E2996,理财产品
2072624,聚宝财富融盈2年定开2期,理财产品
2072100,(手机银行理财季)中银平稳理财计划-智荟系列201788期,理财产品
2071872,稳健成长（2020）98期,理财产品
2071053,蒙银财慧系列20074期C款,理财产品
2071052,蒙银财慧系列20074期B款,理财产品
2069343,唐山银行盛唐理财唐赢2020年第12期（S款）理财产品,理财产品
2069342,唐山银行盛唐理财唐赢2020年第11期（S款）理财产品,理财产品
2069293,宁波银行股份有限公司汇通理财2020惠添利21089号,理财产品
2069089,中信理财之全权委托恒赢稳健B款25期净值型人民币理财产品,理财产品
2068930,上海农商银行“鑫利”系列鑫增利20200期（1年）人民币理财产品,理财产品
2068547,兴业银行金雪球聚利2020年第3期封闭式净值型理财产品,理财产品
2065885,“财坤”CK200166期人民币理财产品,理财产品
2055231,“安心得利·大有”2020年第140期封闭净值型人民币理财产品,理财产品
2055230,“安心得利·大有”2020年第139期封闭净值型人民币理财产品,理财产品
2038491,中信理财之私人银行客户专属恒赢系列全权委托A款2359期理财产品,理财产品
2075354,中国建设银行辽宁省分行“乾元-天长利久”2020年228期理财产品,理财产品
2073794,2020汇富净值370期,理财产品
2071985,萧山农商银行“萧银理财增盈”2020年第274期人民币理财产品,理财产品
2069974,衡水银行金荷恒升B款2020年第31期人民币理财产品,理财产品
2079318,(网银专享)中银平稳理财计划-智荟系列202268期,理财产品
2079309,(理财晋级专属)中银平稳理财计划-智荟系列202259期,理财产品
2079305,(邀约专属)中银平稳理财计划-智荟系列202255期,理财产品
2079300,(手机银行理财季)中银平稳理财计划-智荟系列202250期,理财产品
2079286,中银平稳理财计划-智荟系列202236期,理财产品
2079254,中银平稳理财计划-智荟系列202204期,理财产品
2079194,(中小企业专属)中银平稳理财计划-智荟系列202145期,理财产品
2079035,中银汇增-A计划(澳元)2020年第48期,理财产品
2079034,中银汇增-A计划(英镑)2020年第48期,理财产品
2078759,南昌农商银行百福理财禧临门系列CG10620200626095,理财产品
2076773,“金鹿理财-乐得富”20141期银行理财计划,理财产品
2075860,益友融通-2020年个人炫彩周末024号理财产品,理财产品
2073369,畅享泉家557号（代发客户专享）,理财产品
2073316,“金凤理财”幸福周末系列人民币理财产品,理财产品
2072246,吉林银行吉利财富成长系列2020年第85期,理财产品
2068478,绵阳市商业银行“诸葛”理财2020年第80期,理财产品
2065722,元亨第2005期净值型人民币理财产品,理财产品
2057360,小龙人理财和盛系列龙通974号,理财产品
2020773,小龙人理财和盛系列龙瑞907号,理财产品
2083477,中国民生银行富竹纯债同益款3号350天定开理财产品,理财产品
2080214,浙江天台农村商业银行股份有限公司丰收信福2020年第20期封闭式净值型人民币理财产品,理财产品
2080014,海盐农商银行“丰收·信福”2020年第25期封闭式净值型理财产品,理财产品
2080013,黔农·金百合·茅台农商·金穗增利系列第77期个人理财产品,理财产品
2079954,浙江临安农村商业银行股份有限公司丰收信福2020年第31期封闭式净值型人民币理财产品,理财产品
2079930,龙泉农商银行“丰收·信福”2020年第5期封闭净值型理财产品,理财产品
2079693,紫气东来人民币理财计划星座869期,理财产品
2079633,“广银安富”2020年6月众享版第二期,理财产品
2079556,昆仑财富·油金赢系列封闭式净值型理财产品（2020年第15期克分行代发专享）,理财产品
2079358,中国建设银行天津市分行“乾元-津私享型”2020年第135期理财产品,理财产品
2079342,兰溪农商银行“丰收信福”2020年第9期封闭净值型人民币理财产品,理财产品
2078447,恒丰银行-恒心季季盈（净值型）系列2020年第1期理财产品,理财产品
2078446,恒丰银行-恒优（净值型）系列2020年第1期理财产品,理财产品
2078227,昆仑财富·油金赢系列封闭式净值型理财产品（2020年第14期库尔勒行庆专享）,理财产品
2078185,金达创富理财SD7418号,理财产品
2078138,黄海万利宝（20014003期)人民币理财产品,理财产品
2078049,创盈系列E3023,理财产品
2077999,2020惠添利11271号(净值型),理财产品
2077473,中国建设银行天津市分行“乾元-津私享型”2020年第109期理财产品,理财产品
2077255,浙江金华成泰农村商业银行股份有限公司“丰收信福”2020年第九期封闭净值型人民币理财产品,理财产品
2076890,优逸荟金206080,理财产品
2075206,运通财富J02号,理财产品
2075116,中银平稳理财计划-智荟系列209102期,理财产品
2074749,稷丰系列“丰利宝106号”人民币理财产品,理财产品
2074322,2020惠添利11256号(养老分红净值型),理财产品
2073708,2020聚富计划127期,理财产品
2073313,“金凤理财”莱鑫系列人民币理财产品,理财产品
2072613,金牛双满盈2020年创赢端阳人民币理财产品,理财产品
2072337,太阳稳富2173号,理财产品
2072223,吉林银行吉利财富安稳系列2020年第51期,理财产品
2071994,萧山农商银行“萧银理财增盈”2020年第271期人民币理财产品,理财产品
2071049,蒙银财慧系列20073期B款,理财产品
2071006,蒙银财鑫系列20068期,理财产品
2070414,丰收丰叶A2020年第62期,理财产品
2068538,富利宝尊享计划人民币理财产品（B20057期）,理财产品
2066959,漓江理财桂享2020-35期,理财产品
2064018,青岛农商银行创富优享19号,理财产品
2035760,中国农业银行“金钥匙·安心得利”2020年第5138期人民币理财产品,理财产品
2033176,龙银理财睿辰理财产品,理财产品
1904219,“乾元-私享-手机银行专享”2020年第102期私人银行人民币理财产品,理财产品
2083924,嘉盈系列J177,理财产品
2083700,“熊猫理财”润利系列E计划净值型理财产品05期子产品,理财产品
2083632,建信理财机构专享“嘉鑫”12个月定期开放理财产品第5期,理财产品
2083471,招银理财招睿同业金石系列10203号半年封闭式理财计划,理财产品
2083446,“广银安富”薪意安享S款59号人民币理财计划（合格投资者专属）,理财产品
2083445,“广银安富”薪意安享S款58号人民币理财计划（合格投资者专属）,理财产品
2083425,中山农商银行聚多宝2020年第8期私人银行客户专属人民币理财产品,理财产品
2083382,2020封闭式私募净值型160号,理财产品
2083381,2020封闭式私募净值型13068号（迎行庆助发展专属理财）,理财产品
2083150,中山农商银行聚多宝2020年第15期机构专属人民币理财产品,理财产品
2081131,建信理财私行专享“鹏鑫”固收类封闭式产品2020年第86期,理财产品
2079632,中原银行鼎盛财富2020年第198期人民币理财产品,理财产品
2079628,"新昌农商银行\""天姥创富\""2020年第69期人民币理财产品",理财产品
2079615,金雪莲系列产品2020年第98期新客户专享版,理财产品
2079611,幸福理财尊享系列2020年19期,理财产品
2079609,幸福理财丰享系列2020年146期,理财产品
2079608,幸福理财丰享系列2020年145期,理财产品
2079607,幸福理财丰享系列2020年144期,理财产品
2079606,幸福理财丰享系列2020年143期,理财产品
2079577,莲都农商行丰收信福2020年第11期净值型理财产品,理财产品
2079506,浙江富阳农村商业银行股份有限公司丰收富盈2020年第001期人民币理财产品,理财产品
2079496,润盈理财乐享盈2017期4,理财产品
2079495,润盈理财乐享盈2017期3,理财产品
2079464,天骄鸿图2020年第37期B款,理财产品
2079463,天骄鸿图2020年第37期A款,理财产品
2079462,天骄鸿运2020年第38期B款,理财产品
2079311,(财富级客户专属)中银平稳理财计划-智荟系列202261期,理财产品
2079308,(理财级客户专属)中银平稳理财计划-智荟系列202258期,理财产品
2079299,(手机银行理财季)中银平稳理财计划-智荟系列202249期,理财产品
2079278,中银平稳理财计划-智荟系列202228期,理财产品
2079250,中银平稳理财计划-智荟系列202200期,理财产品
2079247,中银平稳理财计划-智荟系列202197期,理财产品
2079201,中银平稳理财计划-智荟系列202151期,理财产品
2079071,中银平稳理财计划-智荟系列202022期,理财产品
2079067,中银理财计划-搏弈睿选系列20247期,理财产品
2079066,中银理财计划-搏弈睿选系列20246期,理财产品
2079063,中银理财计划-搏弈睿选系列20243期,理财产品
2079030,中银汇增-A计划(美元)2020年第115期,理财产品
2079009,“安鑫盈”系列封闭式净值型人民币理财产品,理财产品
2078939,乌银稳盈2020年第26期,理财产品
2078937,乌银利丰2020年第126期,理财产品
2078936,乌银利丰2020年第125期,理财产品
2078935,乌银利丰2020年第124期,理财产品
2078929,龙湾农商银行丰收赢利2020年第1期封闭式净值型理财产品,理财产品
2078928,“蓝海汇”蓝海风帆系列扬帆2020007期净值型理财产品,理财产品
2078917,中国建设银行河南省分行“乾元-豫富”2020年第100期理财产品,理财产品
2078915,中国建设银行河南省分行“乾元-豫富”2020年第98期理财产品,理财产品
2078904,太阳同盈206号,理财产品
2078894,哈密市商业银行“雁邻理财―甜蜜盈”封闭式净值型理财产品2020年第22期A款,理财产品
2078858,中原银行鼎盛财富2020年第192期人民币理财产品,理财产品
2078855,中原银行鼎盛财富2020年第189期人民币理财产品,理财产品
2078849,“吉林农信长富久安系列”2020117期人民币理财产品,理财产品
2078743,金昭阳理财2020年23期,理财产品
2078740,“瑞盈理财”宝丰盈系列（2001期28）105天A款人民币理财产品,理财产品
2078739,“瑞盈理财”宝丰盈系列（2001期28）56天B款人民币理财产品,理财产品
2078738,“瑞盈理财”宝丰盈系列（2001期28）56天A款人民币理财产品,理财产品
2078722,富民水城悦享系列第1期,理财产品
2078701,金鹤.如意宝2020A00020期人民币理财产品,理财产品
2078553,丰收信福2020年第16期封闭净值型,理财产品
2078467,中国建设银行“乾元―车主专享”2020年第10期人民币理财产品,理财产品
2078465,中国建设银行“乾元―福农通县域专享”2020年第14期人民币理财产品,理财产品
2078450,中国建设银行“乾元―惠众”2020年第37期人民币理财产品,理财产品
2078408,金雪莲系列封闭式净值型理财产品2020年第3期,理财产品
2078405,招商银行钻石财富系列之睿远平衡二十七期（三年封闭）理财计划,理财产品
2078376,中国建设银行山东省分行“乾元通财”2020年第224期理财产品,理财产品
2078373,中国建设银行山东省分行“乾元通财”2020年第221期理财产品,理财产品
2078369,中国建设银行河南省分行“乾元-豫富”（菁英荟）2020年第25期理财产品,理财产品
2078353,“信合同利”2020年23期C款人民币理财产品,理财产品
2078352,“信合同利”2020年23期B款人民币理财产品,理财产品
2078270,2020惠添利11273号(净值型),理财产品
2078219,休宁农村商业银行状元添盈系列231期人民币理财产品,理财产品
2078184,金达创富理财SD7417号,理财产品
2078183,金达创富理财SD7416号,理财产品
2078170,尧享金溢系列理财产品2020年第4期,理财产品
2078141,“海西·源泉”悦盈系列净值型理财产品2020028期（182天）,理财产品
2078139,黄海万利宝（20024704期）人民币理财产品,理财产品
2078130,金苹果B款196期,理财产品
2078129,金苹果A款196期,理财产品
2078120,“宝盈理财”卓越（个人）20047号人民币理财产品,理财产品
2078101,阳光金6M添利6号,理财产品
2078087,“金紫薇”共赢B系列7号人民币理财产品,理财产品
2078085,“金紫薇”共赢B系列5号人民币理财产品,理财产品
2078051,创盈系列E3026,理财产品
2078046,创盈系列E3020,理财产品
2077915,星旅财富豫见理财产品（安享2020年第98期）,理财产品
2077913,星旅财富“专享”个人理财产品2020年第13期,理财产品
2077908,惠得利5号,理财产品
2077822,长江鑫利2020年第99期,理财产品
2077815,平顶山银行平盈汇金享盈34号（新客专享）理财产品,理财产品
2077814,平顶山银行平盈汇金享盈33号（端午专享）理财产品,理财产品
2077795,益民理财·“盈鑫”理财计划589号,理财产品
2077777,邮银财富·智享2020年第50期,理财产品
2077776,邮银财富·智享2020年第51期,理财产品
2077752,中银平稳理财计划-智荟系列209115期,理财产品
2077720,海门农商银行“江海聚宝-季季盈”系列人民币理财第127期,理财产品
2077719,海门农商银行“江海聚宝-双月盈”系列人民币理财第127期,理财产品
2077717,海门农商银行“江海财富-季季盈”系列人民币理财第180期,理财产品
2077713,九通理财稳盈系列20062期,理财产品
2077511,“儒商财富”封闭式净值型理财产品2020年第63期,理财产品
2077510,“儒商财富”封闭式净值型理财产品2020年第62期,理财产品
2077509,“儒商财富”封闭式净值型理财产品2020年第61期,理财产品
2077508,“儒商财富”C款2020年第121期,理财产品
2077507,“儒商财富”C款2020年第120期,理财产品
2077506,“儒商财富”C款2020年第119期,理财产品
2077505,“儒商财富”A款2020年第78期,理财产品
2077467,承德银行“热河财富”非保本型人民币理财产品2020年第19期,理财产品
2077465,承德银行“热河财富”非保本型人民币理财产品2020年第18期,理财产品
2077460,融富R2006期03,理财产品
2077248,聚多宝·多盈系列人民币理财计划第20065期,理财产品
2077194,“幸福99”丰裕3号固定收益类20095期银行理财计划,理财产品
2077193,“幸福99”丰裕3号固定收益类20094期银行理财计划,理财产品
2077187,"\""幸福99\""丰裕盈家KF01号银行理财计划第5112期预约91天型",理财产品
2077009,“汇福”安心盈系列封闭式净值型理财产品20006期,理财产品
2076943,2020年融智理财·富盈计划20071号（直销银行专属）,理财产品
2076860,财富宝惠盈2020年第025期,理财产品
2076856,财富宝个人客户2020年第090期,理财产品
2076855,财富宝个人客户2020年第089期,理财产品
2076854,财富宝个人客户2020年第088期,理财产品
2076853,财富宝个人客户2020年第087期,理财产品
2076690,福万通·晋融家2020028期个人理财产品A款,理财产品
2076633,（定增优选）中银理财-智富（封闭式）2020年22期,理财产品
2076582,金雪莲系列产品2020年第93期,理财产品
2076581,金雪莲系列产品2020年第92期,理财产品
2076496,中国建设银行陕西省分行“乾元―丝路”2020年第140期人民币理财产品,理财产品
2076491,中国建设银行陕西省分行“乾元―丝路”2020年第135期人民币理财产品,理财产品
2076487,中国建设银行陕西省分行“乾元―丝路”2020年第131期人民币理财产品,理财产品
2076427,“薪满益足”200327期（尊享版）,理财产品
2076410,海融财富·创赢系列人民币个人理财计划2020年462期,理财产品
2076312,旺息宝1号20076期封闭式人民币理财产品,理财产品
2076311,旺息宝1号20075期封闭式人民币理财产品（市民卡专属）,理财产品
2075912,中国建设银行天津市分行“乾元-津私享型”2020年第105期理财产品,理财产品
2075771,聚富理财644期,理财产品
2075769,金蝶理财2425期,理财产品
2075768,金蝶理财2424期,理财产品
2075635,2020年“源宝盈·宁溢宝(qnyb2006011)”第四十六期,理财产品
2075260,富民鹿泽第00165期净值型人民币理财产品,理财产品
2075259,富民尊荣第00314期人民币理财产品,理财产品
2075239,创赢计划“青鑫共享”2020年215期（封闭净值型）,理财产品
2075238,创赢计划“青鑫共享”2020年214期（封闭净值型）,理财产品
2075231,创赢计划“青鑫共享”2020年227期（封闭净值型）,理财产品
2075230,创赢计划“青鑫共享”2020年226期（封闭净值型）,理财产品
2075222,浙江富阳农村商业银行股份有限公司丰收喜乐2020年第127期人民币理财产品,理财产品
2075221,浙江富阳农村商业银行股份有限公司丰收喜乐2020年第126期人民币理财产品,理财产品
2075124,工银财富深圳区域个人净值型理财产品SZJA2042,理财产品
2074857,启富东疆添盈理财663期,理财产品
2074849,昆仑财富·油金赢系列封闭式净值型理财产品（2020年第11期高端专享）,理财产品
2074750,“锦鲤鱼2020第13期（恒力专属）”净值型人民币理财产品,理财产品
2074711,幸福尊享人民币理财产品20041期,理财产品
2074706,幸福优享人民币理财产品20042期,理财产品
2074694,新客户秒杀款（金鼎泰利达人民币理财产品20541期）,理财产品
2074569,私享稳富1017号,理财产品
2074568,私享稳富1016号,理财产品
2074566,私享稳富1014号,理财产品
2074542,“广银安富”对公集合版2023期,理财产品
2074522,金银杏非保本理财2020年第68期,理财产品
2074517,天天向上722号,理财产品
2074474,理享人生-尊享2020年07002期人民币理财产品,理财产品
2074472,理享人生-和盈2020年07001期人民币理财产品,理财产品
2074471,理享人生-稳富2020年07001期人民币理财产品,理财产品
2074351,永康农商银行“丰收.吉祥”2020年第49期人民币理财产品,理财产品
2073986,“宝盈理财”卓越（个人）20041号人民币理财产品,理财产品
2073881,金石榴惠盈季季鑫8号3M02,理财产品
2073826,2020汇富净值402期,理财产品
2073665,“乾元-善盈”2020年第103期理财产品,理财产品
2073638,交银添利新享1号,理财产品
2073537,交银理财稳享多元策略2002理财产品,理财产品
2073507,宁波银行股份有限公司汇通理财2020惠添利21097号(新客专属),理财产品
2073405,漓江理财桂尊2020-17期,理财产品
2073145,“福瀛家”幸福1号（2020075期）理财产品,理财产品
2073144,“福瀛家”幸福1号（2020074期）理财产品,理财产品
2073143,“福瀛家”幸福1号（2020073期）理财产品,理财产品
2073118,廊坊银行坊银系列理财稳健型1号2061期（个人客户）,理财产品
2073115,廊坊银行坊银系列理财稳健型1号2058期（个人客户）,理财产品
2073085,廊坊银行“京津明珠”理财智富系列01号823期（个人客户）,理财产品
2072981,中国建设银行河南省分行“乾元-豫富”2020年第95期（手机银行专享）理财产品,理财产品
2072978,中国建设银行河南省分行“乾元-豫富”2020年第93期理财产品,理财产品
2072781,贵银恒利扬帆第174期,理财产品
2072771,贵银恒利扬帆第164期,理财产品
2072756,财富人生海聚鑫A款2020年第53期理财产品,理财产品
2072670,“乾元-顺鑫”2020年第79期理财产品,理财产品
2072612,金牛双满盈2020年创赢6期K款人民币理财产品,理财产品
2072353,尊享稳富487号,理财产品
2072318,太阳稳富2165号,理财产品
2072293,中国建设银行山东省分行“乾元通财”2020年第211期理财产品,理财产品
2072292,中国建设银行山东省分行“乾元通财”2020年第210期理财产品,理财产品
2072086,非凡资产管理季增利第447期高净值03款理财产品,理财产品
2072080,非凡资产管理季增利第447期高净值款理财产品,理财产品
2072067,丰收.聚金1074号,理财产品
2072050,交银添利系列京品新资金1号,理财产品
2072004,萧山农商银行“萧银理财·多利盈”2020年第45期封闭净值型理财产品,理财产品
2071843,大庆农商银行“钻得力”-盈利1号2020年第41期人民币理财产品,理财产品
2071559,龙盈D158号C款（20万元起）,理财产品
2071311,2020年“金成鑫”智惠盈23号人民币理财产品,理财产品
2071274,“红棉理财·广银增富”资产组合投资型人民币理财产品,理财产品
2071241,明珠理财月月赢系列2020年第273期,理财产品
2071091,华夏盈增盈610号A款,理财产品
2070687,“乾元-臻尚”2020年第126B期理财产品,理财产品
2070686,“乾元-臻尚”2020年第125B期理财产品,理财产品
2070661,重庆市分行“乾元-鑫鑫向荣”2020年第188期理财产品,理财产品
2070539,红玫瑰智盈系列人民币理财产品2020475期,理财产品
2070533,红玫瑰智盈系列人民币理财产品2020469期,理财产品
2070385,红玫瑰智盈系列理财产品添金2020265期,理财产品
2070378,红玫瑰智盈系列理财产品添金2020258期,理财产品
2070244,苍南农商银行“富民聚金”2020054期挂钩SHIBOR保本浮动收益人民币理财产品,理财产品
2070243,苍南农商银行“富民聚金”2020053期挂钩SHIBOR保本浮动收益人民币理财产品,理财产品
2070008,财富快车2020年第170期,理财产品
2069955,衡水银行金荷恒升A款2020年第18期人民币理财产品,理财产品
2069854,阳光东银财富-共享盈2020年第44期理财产品,理财产品
2069840,海融财富·尊享系列人民币个人理财计划2020年168期,理财产品
2069839,海融财富·尊享系列人民币个人理财计划2020年167期,理财产品
2069826,海融财富·尊享系列人民币个人理财计划2020年154期,理财产品
2069809,海融财富·创赢系列人民币个人理财计划2020年461期,理财产品
2069807,海融财富·创赢系列人民币个人理财计划2020年459期,理财产品
2069805,海融财富·创赢系列人民币个人理财计划2020年457期,理财产品
2069664,“益享I号”理财计划Z20319,理财产品
2069556,“龙城理财”富盈2091期人民币理财产品,理财产品
2069555,“龙城理财”富盈2090期人民币理财产品,理财产品
2069487,如日东升.稳盈理财373期,理财产品
2069459,中国建设银行湖南省分行“乾元-福润潇湘”2020年第182期(高净客户)封闭式人民币理财产品,理财产品
2069456,中国建设银行湖南省分行“乾元-福润潇湘”2020年第179期(高净客户)封闭式人民币理财产品,理财产品
2069453,中国建设银行湖南省分行“乾元-福润潇湘”2020年第176期(高净客户)封闭式人民币理财产品,理财产品
2068884,上海农商银行“鑫利”系列鑫安利20143期人民币理财产品,理财产品
2068820,福通A20072期人民币理财产品,理财产品
2068792,中国工商银行法人人民币理财产品20GZ126A,理财产品
2068785,工银财富专属人民币理财产品GZ20142A,理财产品
2068703,私银粤盈定制,理财产品
2068673,私银粤盈,理财产品
2068659,交银添利粤新,理财产品
2068302,招商银行焦点联动系列非保本理财计划（产品代码：118106）,理财产品
2068272,金陶2024期双季盈理财,理财产品
2068271,金陶2024期季季盈理财,理财产品
2068009,汇财之舟理财971号,理财产品
2067609,“金钥匙·安心得利·灵珑”2020年第299期封闭净值型人民币理财产品,理财产品
2067602,“金钥匙·安心得利·灵珑”2020年第292期封闭净值型人民币理财产品,理财产品
2067478,“金钥匙·安心得利·灵珑”2020年第290期封闭净值型人民币理财产品,理财产品
2067476,“金钥匙·安心得利·灵珑”2020年第288期封闭净值型人民币理财产品,理财产品
2067475,“金钥匙·安心得利·灵珑”2020年第287期封闭净值型人民币理财产品,理财产品
2067474,“金钥匙·安心得利·灵珑”2020年第286期封闭净值型人民币理财产品,理财产品
2067473,“金钥匙·安心得利·灵珑”2020年第285期封闭净值型人民币理财产品,理财产品
2067472,“金钥匙·安心得利·灵珑”2020年第284期封闭净值型人民币理财产品,理财产品
2067245,2020年长盈34期,理财产品
2067240,2020年长吉54期,理财产品
2067009,2020年吉林农信-发展稳盈69期,理财产品
2066987,2020年吉林农信-发展财富74期,理财产品
2065599,中国建设银行陕西省分行“乾元―丝路（特享）”2020年第40期人民币理财产品,理财产品
2065573,中国建设银行北京“乾元－升益鑫”2020年第080期标准资产组合型理财产品,理财产品
2064845,广西北部湾银行富桂宝惠增益系列W20825期（D118款）理财产品,理财产品
2064837,广西北部湾银行富桂宝惠增益系列W20159期（D155款）理财产品,理财产品
2064829,广西北部湾银行富桂宝惠增益系列W20151期（D125款）理财产品,理财产品
2064125,“盛通理财”喜盈盈240号,理财产品
2064091,工银财富专属人民币理财产品GZ20130A,理财产品
2063860,上海银行“净享利”系列（稳健添利）开放式理财产品（1年）06期,理财产品
2063060,营口银行渤海聚盈系列2020第35期理财产品,理财产品
2063033,营口银行渤海通宝之安营系列2020第61期理财产品,理财产品
2063032,营口银行渤海通宝之安营系列2020第60期理财产品,理财产品
2062535,“富利添盈”天天赢人民币理财计划,理财产品
2061860,中信理财之慧赢成长同行20075期净值型人民币理财产品,理财产品
2061767,兴业银行天天万汇通2020年第33期净值型理财产品,理财产品
2061766,兴业银行天天万汇通2020年第32期净值型理财产品,理财产品
2060418,"安徽省分行\""乾元-鑫享事成\""非保本型人民币理财产品2020年第133期",理财产品
2059256,“宝盈理财”卓越鑫享20058号封闭式净值型人民币理财产品,理财产品
2059243,“宝盈理财”卓越鑫享20045号封闭式净值型人民币理财产品,理财产品
2059237,“宝盈理财”卓越鑫享20039号封闭式净值型人民币理财产品,理财产品
2059230,“宝盈理财”卓越鑫享20032号封闭式净值型人民币理财产品,理财产品
2058058,中国建设银行“乾元”非保本标准资产组合型理财产品2020年第213款,理财产品
2058052,中国建设银行“乾元”非保本标准资产组合型理财产品2020年第207款,理财产品
2056602,交银理财博享长三角价值投资三年封闭式3号理财产品,理财产品
2055573,“乐惠”2020年第136期,理财产品
2055468,龙盈849期B款,理财产品
2055342,映山红安享回报208号净值型理财,理财产品
2055323,映山红安享回报189号净值型理财,理财产品
2054956,金杨树聚赢添富142期,理财产品
2054578,农银理财“农银安心·每年开放”(ESG主题）第5期人民币理财产品,理财产品
2053161,中信理财之乐赢稳健和信2046期净值型人民币理财产品,理财产品
2052018,“保利添瑞”202024期理财计划,理财产品
2052017,“保利添丰”202024期理财计划,理财产品
2051329,“熊猫理财”润利系列D计划理财产品52期子产品,理财产品
2051296,“熊猫理财”润利系列C计划理财产品49期子产品,理财产品
2049911,“金莲花”共享2020年9200097031号理财,理财产品
2049541,1821号增盈企业定制理财产品,理财产品
2047858,邢台银行2020年祥牛稳赢理财050号,理财产品
2047573,中国建设银行河北省分行“乾元通宝-晋级”2020年第29期理财产品,理财产品
2044655,“椰风海韵”系列-海惠公募2020008号理财产品,理财产品
2038490,中信理财之私人银行客户专属恒赢系列全权委托A款2358期理财产品,理财产品
2036205,富江南之鸿富添盈A计划H2001期4-11,理财产品
2035780,兴业银行“丰利宝”结构性理财2020年第47期,理财产品
2019151,“乐惠系列”2020年第55期,理财产品
1892164,快乐金10号2694期,理财产品
1892163,快乐金10号2693期,理财产品
1892162,快乐金10号2692期,理财产品
1892161,快乐金10号2691期,理财产品
1892160,快乐金10号2690期,理财产品
1892159,快乐金10号2689期,理财产品
2083422,净享尊荣五号20065001,理财产品
2083338,2020惠私享12086号(私银客户专属),理财产品
2083169,大连银行鲲鹏理财臻萃封闭净值型理财产品2020年第25期,理财产品
2082581,中原银行鼎盛财富乾景系列2020年第3期理财产品,理财产品
2078696,景德镇农商银行百福理财禧临门系列CG31020200623038,理财产品
2078448,恒丰银行-恒裕金理财-增享系列2020年第5期理财产品,理财产品
2078443,中国民生银行贵竹固收增强型半年定开理财产品1号对公款,理财产品
2078388,金成鑫满多多3期理财产品,理财产品
2078372,滨海金芒果增值人民币理财计划1801号54期,理财产品
2078350,“金兰花-尊享稳盈”2020年第40期（个人专享）63天人民币理财产品,理财产品
2078309,金兰花汇富3号2022期,理财产品
2078307,金兰花汇富1号2022期,理财产品
2078300,创赢1486期103天,理财产品
2078297,“金兰花-共享智富”2020年第24期90天人民币理财产品,理财产品
2078295,“金兰花-共享智富”2020年第24期42天人民币理财产品,理财产品
2078268,宁波银行股份有限公司汇通理财2020惠添利21106号,理财产品
2078250,“金兰花-尊享稳盈”2020年第39期140天人民币理财产品,理财产品
2078248,“金兰花-尊享稳盈”2020年第39期35天人民币理财产品,理财产品
2078247,浙江文成农村商业银行股份有限公司“丰收·诚意218号”人民币理财产品,理财产品
2078189,丹东银行“意盈鑫”第20207026期沈阳大连辽阳营口地区专属理财产品,理财产品
2078172,江渝财富“天添金”2020年第56期公募封闭式理财产品,理财产品
2078157,金祥云2020066期理财,理财产品
2078154,“金浪花”2020年31期人民币理财产品,理财产品
2078124,宁波市市区农村信用合作联社丰收信福净值型理财产品第2020009A期,理财产品
2078083,“汇福”安享盈定期开放式（12M）净值型理财产品37期,理财产品
2078082,“汇福”安享盈定期开放式（9M）净值型理财产品21期,理财产品
2078060,禾城农商银行丰收丰禾2020年第32期封闭式净值型理财产品,理财产品
2078050,创盈系列E3025,理财产品
2078006,丰收信福2020年第28期封闭净值型理财产品,理财产品
2077912,星旅财富豫见理财产品（安享2020年第96期）,理财产品
2077911,星旅财富豫见理财产品（安享2020年第95期）,理财产品
2077813,鹰城财富2020年第46期,理财产品
2077812,鹰城财富2020年第45期,理财产品
2077754,德州银行“德财富-稳稳德系列”保本型2020年第45期人民币理财产品,理财产品
2077710,“黔农·金百合·花溪农商·惠民福”系列理财产品第53期,理财产品
2077586,2020年兰州银行小家添富系列A款封闭式净值理财5054号,理财产品
2077572,淮南通商农村商业银行“通银”系列“稳盈”非保本浮动收益型人民币理财产品,理财产品
2077559,吉林农信“九九赢”-稳赢得利·得利系列理财产品（第2020191期）,理财产品
2077225,海蕴理财优选系列恒利1号2020年第25期,理财产品
2077192,“幸福99”丰裕3号固定收益类20093期银行理财计划,理财产品
2077191,“幸福99”丰裕3号固定收益类20092期银行理财计划,理财产品
2076688,金葫芦宏信264,理财产品
2076408,恒裕金理财-丰利系列2020年第198期,理财产品
2076407,恒裕金理财-丰利系列2020年第197期,理财产品
2076406,恒裕金理财-丰利系列2020年第196期,理财产品
2076317,金达创富理财SD7411号,理财产品
2075952,秦农银行秦元通宝系列理财计划2020022期,理财产品
2075882,龙盈混合G款8号一年半定开偏债理财产品,理财产品
2075355,中国建设银行辽宁省分行“乾元-天长利久”2020年229期理财产品,理财产品
2075352,中国建设银行辽宁省分行“乾元-天长利久”2020年226期理财产品,理财产品
2075288,龙盈固定收益类G款66号三个月定开理财产品,理财产品
2075229,创赢计划“青鑫共享”2020年225期（封闭净值型）,理财产品
2075228,创赢计划“青鑫共享”2020年224期（新客理财）,理财产品
2074905,恒丰银行-恒裕金理财-增享系列2020年第3期理财产品,理财产品
2074744,磐安农商银行丰收富农2019期理财产品,理财产品
2074664,云南红塔银行红塔财富梦想2号2020年第24期A款人民币理财产品,理财产品
2074606,丁香花理财富赢202002号60期,理财产品
2074551,“薪满益足”对公集合版2022期,理财产品
2074372,“富滇稳健”人民币理财计划1号,理财产品
2074360,“富聚财富”鑫益系列人民币理财计划,理财产品
2073756,2020港湾财富251期,理财产品
2073601,南通农村商业银行金贝财富·共盈理财季季丰-180,理财产品
2073600,南通农村商业银行金贝财富·共盈理财双月盈-180,理财产品
2073415,江渝财富“天添金”2020年第51期公募封闭式理财产品,理财产品
2073341,渤海银行封闭式固定收益型人民币理财产品（零售公募―2020GG9010）,理财产品
2073325,真定安赢2020050期,理财产品
2073250,益友融通-2020年河北银行安益017号理财产品,理财产品
2073209,徽商银行智慧理财“创赢”系列-徽福固定收益类净值型理财产品200004,理财产品
2073196,浙江温岭农村商业银行股份有限公司“丰收·曙光”2020年第17期人民币理财产品,理财产品
2073051,盈利宝528号,理财产品
2073024,聚金系列封闭式净值型理财产品第54期,理财产品
2073023,聚金系列封闭式净值型理财产品第53期,理财产品
2072925,大连银行鲲鹏理财臻萃封闭净值型理财产品2020年第16期,理财产品
2072590,厦门银行融鑫创信12个月定开7号净值型理财产品,理财产品
2072587,德州银行“德财富-满满德系列”非保本型2020年第116期人民币理财产品,理财产品
2072586,德州银行“德财富-满满德系列”非保本型2020年第115期人民币理财产品,理财产品
2072585,德州银行“德财富-满满德系列”非保本型2020年第114期人民币理财产品,理财产品
2072523,慈溪农村商业银行“和美”系列人民币理财产品(第202020期),理财产品
2072362,安富尊荣一号20050007,理财产品
2072245,吉林银行吉利财富成长系列2020年第84期,理财产品
2072176,金瑞香理财A20115号人民币理财计划,理财产品
2072175,金瑞香理财A20114号人民币理财计划,理财产品
2072174,金瑞香理财A20113号人民币理财计划,理财产品
2072153,上海银行“慧财”人民币私享系列理财产品WX202081Y126期,理财产品
2071723,佛山农商银行2020年金狮理财福禄系列第116期理财计划,理财产品
2071722,佛山农商银行2020年金狮理财福禄系列第115期理财计划,理财产品
2071335,金翼宝系列947号,理财产品
2071284,赣州农商银行百福理财聚福宝系列01号,理财产品
2071047,蒙银财慧系列20072期C款,理财产品
2071046,蒙银财慧系列20072期B款,理财产品
2071045,蒙银财慧系列20072期A款,理财产品
2070964,渤海银行封闭式固定收益型人民币理财产品（零售私募―2020SG282）,理财产品
2070962,渤海银行封闭式固定收益型人民币理财产品（零售私募―2020SG280）,理财产品
2070909,渤海银行封闭式混合型人民币理财产品（零售公募―2020GH178）,理财产品
2070908,渤海银行封闭式混合型人民币理财产品（零售公募―2020GH177）,理财产品
2070905,渤海银行封闭式混合型人民币理财产品（零售公募―2020GH174）,理财产品
2070857,渤海银行封闭式固定收益型人民币理财产品（零售公募―2020GG181）,理财产品
2070855,渤海银行封闭式固定收益型人民币理财产品（零售公募―2020GG179）,理财产品
2070853,渤海银行封闭式固定收益型人民币理财产品（零售公募―2020GG177）,理财产品
2070720,渤海银行2020年渤盛129号封闭式人民币非保本浮动收益型理财产品,理财产品
2070636,建信理财“诚益”定增主题固收类封闭式产品2020年第4期,理财产品
2070531,红玫瑰智盈系列人民币理财产品2020467期,理财产品
2070523,红玫瑰智盈系列人民币理财产品2020459期,理财产品
2070423,丰收丰叶A2020年第71期,理财产品
2070327,中国建设银行天津市分行“乾元-津私享型”2020年第102期理财产品,理财产品
2069970,2020年“金成鑫”聚能盈26号人民币理财产品,理财产品
2069766,海融财富·创赢系列人民币个人理财计划2020年418期,理财产品
2069743,浙江瑞安农商银行“丰收财富”2020年第030期人民币理财产品,理财产品
2069386,金昌盛第178期B款,理财产品
2069240,中国建设银行江苏省分行“乾元添福”2020年第294期人民币理财产品,理财产品
2069227,中国建设银行江苏省分行“乾元添福”2020年第281期人民币理财产品,理财产品
2069206,兴业银行“万利宝”2020年第1期非保本浮动收益封闭式人民币理财产品37005,理财产品
2068967,创富316期105天,理财产品
2067746,“心喜”系列2020年第25期人民币4个月银行间保证收益理财产品,理财产品
2067049,创鑫184期364天封闭式净值型,理财产品
2067047,创鑫184期119天封闭式净值型,理财产品
2067046,创鑫184期90天封闭式净值型,理财产品
2065917,“财丰理财”CF200192期人民币理财产品,理财产品
2065883,“财坤”CK200164期人民币理财产品,理财产品
2065808,2020年益信理财计划ZX2565,理财产品
2065466,顺德农村商业银行精英理财系列之优利增长1号20032期人民币理财计划,理财产品
2064860,广西北部湾银行富桂宝固添益系列G20078期（D273款）净值型理财产品,理财产品
2063867,江渝财富“天添金”2020年第502期公募封闭式净值型理财产品,理财产品
2063670,天府理财之“增富”理财产品（ZFG20079）,理财产品
2062427,临商银行惠盈非保本浮动理财2020年第16期C款,理财产品
2060471,优盛理财-创赢20078,理财产品
2060469,优盛理财-尊享20076,理财产品
2058646,河津农商银行隆利丰添利01期人民币理财产品,理财产品
2056841,丁香花理财富赢202002号25期（高净值）,理财产品
2055263,建信理财“睿鑫”封闭式理财产品2020年第28期,理财产品
2055261,建信理财“睿鑫”封闭式理财产品2020年第26期,理财产品
2054711,岁岁金A77,理财产品
2052650,河津农商银行隆利丰第759期人民币理财产品,理财产品
2052229,紫金财富安鑫盈200042期人民币理财产品,理财产品
2047631,云南红塔银行红塔财富梦想1号2020年第24期D款人民币理财产品,理财产品
2045273,XXXX年(川）工银财富专属人民币理财产品XX天SCXT2043,理财产品
2044645,2020年工银财富专属理财产品JSFJA058,理财产品
2040346,中国建设银行江苏省分行“乾元添福”2020年第150期人民币理财产品,理财产品
2033595,龙盈738期A款,理财产品
2033175,龙银理财睿辰理财产品,理财产品
2024666,北京农商银行“金凤凰理财”2020年稳健富荣17期固定收益型人民币理财产品,理财产品
2019150,“乐惠系列”2020年第54期,理财产品
1981004,中国工商银行“工银财富”资产组合投资型人民币理财产品BJCF2017,理财产品
1981003,中国工商银行“工银财富”资产组合投资型人民币理财产品BJCF2016,理财产品
1851322,财富通稳赢系列2019年112期,理财产品
2082770,昆仑财富·油金赢系列封闭式净值型理财产品（2020年第16期乌鲁木齐专属）,理财产品
2082580,中原银行鼎盛财富乾景系列2020年第2期理财产品,理财产品
2081713,建信理财“鹏鑫”固收类封闭式理财产品2020年第91期,理财产品
2081712,建信理财“鹏鑫”固收类封闭式理财产品2020年第90期,理财产品
2078069,唐山银行盛唐理财唐赢2020年第28期理财产品,理财产品
2078068,唐山银行盛唐理财唐赢2020年第27期理财产品,理财产品
2078067,唐山银行盛唐理财唐赢2020年第26期理财产品,理财产品
2077901,福祥金种子瑞盈第4期,理财产品
2077819,长江鑫利2020年第97期,理财产品
2077811,"新昌农商银行\""天姥创富\""2020年第68期人民币理财产品",理财产品
2077763,晋城银行“红椅理财”晋享利2020年第5期-1.5Y个人理财产品,理财产品
2077762,晋城银行“红椅理财”晋享利2020年第4期-6M（夜市专属）个人理财产品,理财产品
2077611,利多多汇享盈2020年第29期,理财产品
2077190,"\""幸福99\""丰裕盈家KF02号银行理财计划第2994期预约91天型",理财产品
2077189,"\""幸福99\""丰裕盈家KF02号银行理财计划第2993期预约63天型",理财产品
2077188,"\""幸福99\""丰裕盈家KF02号银行理财计划第2992期预约35天型",理财产品
2076737,“金鹿理财-季季红”20050期银行理财计划,理财产品
2075643,“药都聚财”系列2020年第78期非保本型人民币公募理财产品,理财产品
2075639,“药都聚财”系列2020年第77期非保本型人民币公募理财产品,理财产品
2075293,“幸福99”卓越增盈小企业专属第200078期预约31天型,理财产品
2075292,“幸福99”卓越增盈小企业专属第200077期预约31天型,理财产品
2075022,赢兴系列代客理财产品2020037期,理财产品
2074336,“金紫薇”共赢A系列2020年46号人民币理财产品,理财产品
2074335,“金紫薇”共赢A系列2020年45号人民币理财产品,理财产品
2074043,聚宝财富融远2号-多策略资产配置,理财产品
2073379,珠海农商银行金盈丰盈系列第976期,理财产品
2073378,珠海农商银行金盈丰盈系列第975期,理财产品
2073377,珠海农商银行金盈丰盈系列第974期,理财产品
2073344,路桥农商银行丰收信福2020年第20期封闭式净值型理财产品,理财产品
2073314,“金凤理财”莱鑫系列人民币理财产品,理财产品
2073311,“金凤理财”普惠盈系列人民币理财产品,理财产品
2072959,2020年融智理财·富盈计划20065号（财富支行）,理财产品
2072723,上海银行“点滴成金”系列理财产品（W20200M624期）,理财产品
2072539,2019年工银财富专属人民币理财产品（鲁）,理财产品
2072342,太阳稳富2178号,理财产品
2072329,太阳稳富2194号,理财产品
2072328,太阳稳富2193号,理财产品
2071358,汇富合赢A20010,理财产品
2071357,汇富增盈B200109,理财产品
2070733,中信理财之乐赢稳健短债日开净值型人民币理财产品,理财产品
2070645,重庆市分行“乾元-鑫鑫向荣”2020年第172期理财产品,理财产品
2070640,重庆市分行“乾元-鑫鑫向荣”2020年第167期理财产品,理财产品
2070354,富民金合欢20031期,理财产品
2069812,海融财富·钱潮系列人民币个人理财计划2020年69期,理财产品
2069749,海融财富·创赢系列人民币个人理财计划2020年401期,理财产品
2069044,平安理财-稳健成长2020年第14期封闭式净值型人民币理财产品,理财产品
2067216,北京银行京华远见鑫益盈金固定期限2号理财管理计划,理财产品
2066708,珠海农商银行金盈丰盈系列第954期,理财产品
2066295,建信理财“嘉鑫”封闭式理财产品2020年第45期,理财产品
2066294,建信理财“嘉鑫”封闭式理财产品2020年第44期,理财产品
2065784,“如意宝”YB200108期人民币理财产品,理财产品
2059418,多盈1165号非保本理财产品,理财产品
2055762,中国建设银行苏州分行“乾元―鑫溢江南”非保本型人民币2020年第241期理财产品,理财产品
2055761,中国建设银行苏州分行“乾元―鑫溢江南”非保本型人民币2020年第240期理财产品,理财产品
2050613,梨花瑞盈2020年第12期D款人民币理财产品,理财产品
2050162,聚多宝·多盈系列人民币理财计划第20064期,理财产品
2038440,百合花定期理财20922期,理财产品
2034102,升盈345号B款,理财产品
2020926,中国建设银行苏州分行“乾元―鑫溢江南”非保本型人民币2020年第30期理财产品,理财产品
2075217,萧山农商银行“萧银理财·多利盈”2020年第48期封闭净值型理财产品,理财产品
2070435,丰收丰润2020年第41期,理财产品
2068893,上海农商银行“鑫利”系列鑫安利20152期人民币理财产品,理财产品
2055569,“乐惠”2020年第132期,理财产品
2055765,中国建设银行苏州分行“乾元―鑫溢江南”非保本型人民币2020年第244期理财产品,理财产品
2045274,XXXX年(川）工银财富专属人民币理财产品XX天SCXT2044,理财产品
2020937,中国建设银行苏州分行“乾元―鑫溢江南”非保本型人民币2020年第41期（端午节专享）理财产品,理财产品
2078003,景德镇农商银行百福理财禧临门系列CG31020200619037,理财产品
2076674,抚顺银行启运鑫基汇系列理财计划2020年第19期,理财产品
2076673,抚顺银行启运鑫基汇系列理财计划2020年第18期,理财产品
2076671,抚顺银行启运鑫基汇系列理财计划2020年第16期,理财产品
2076669,抚顺银行启运稳盈系列理财计划2020年第61期,理财产品
2076668,抚顺银行启运稳盈系列理财计划2020年第60期,理财产品
2076059,松阳农商银行悦享稳定盈2020003期,理财产品
2075502,“喜扬扬”2020年第22期B款保本浮动收益型人民币理财产品,理财产品
2074654,富民理财财易通系列第147期人民币理财产品,理财产品
2074653,富民理财金百合系列第366期人民币理财产品,理财产品
2068926,上海农商银行“鑫利”系列鑫增利20196期（1年）人民币理财产品,理财产品
2064529,长城理财之金利宝2020年端午节专属理财产品,理财产品
2061858,中信理财之慧赢成长同行20073期净值型人民币理财产品,理财产品
1907906,浦发银行启臻逐月系列之养老精选15号理财计划（季季分红）,理财产品
2077222,佛冈农商银行“和合天下·合”系列非保本型理财产品202023期,理财产品
2072233,盐城同鑫聚富·金盈鑫2020D064期理财产品,理财产品
2072232,盐城同鑫聚富·聚农宝2020E037期理财产品,理财产品
2052337,临商银行惠盈系列理财产品1年期第2004号,理财产品
2049371,交银理财稳享精选资产2年封闭式6号理财产品,理财产品
2037114,中信理财之乐赢多资产挂钩一年开3号净值型人民币理财产品,理财产品
2075662,中银理财“稳富”固收增强（封闭式）2020年48期,理财产品
2074488,信安宝2020年46期,理财产品
2074487,信盈宝-共盈20200024,理财产品
2074484,信盈宝2020年59期,理财产品
2068994,郑州银行金梧桐鼎诚1184号人民币理财产品,理财产品
2068993,郑州银行金梧桐聚赢60号人民币理财产品,理财产品
2068991,郑州银行金梧桐鼎诚1183号人民币理财产品,理财产品
2068989,郑州银行金梧桐鼎诚1181号人民币理财产品,理财产品
2067019,兴银理财睿盈优选平衡5号混合类净值型理财产品,理财产品
2070263,私享嘉富6个月定开3号,理财产品
2077962,瑞银代客境外理财–提前到期双赢票据（挂钩交易所买卖基金）_SN051,理财产品
2044382,“幸福99”金钻固定收益类20037期银行理财计划,理财产品
2037432,(机构进阶2000万)中银平稳理财计划-智荟系列20653期,理财产品
2037352,中银基智通理财计划-流动性增强系列2020年A20249期,理财产品
1969079,丰盈62号封闭式净值型理财产品,理财产品
1969078,丰盈61号封闭式净值型理财产品,理财产品
1969077,丰盈60号封闭式净值型理财产品,理财产品
2038554,中信理财之私人银行客户专属恒赢系列全权委托A款2232期理财产品,理财产品
2013333,大华银行（中国）“尊享”代客境外理财计划证券挂钩可转换结构性票据人民币A境外人民币计价款ELNTM20010CNYH,理财产品
2013332,大华银行（中国）“尊享”代客境外理财计划证券挂钩可转换结构性票据人民币A境外人民币计价款ELNTM20009CNYH,理财产品
2036192,黄河农村商业银行“金喜鹊·创赢”第20813期人民币理财产品,理财产品
1916679,利多多鑫盈利12个月定开定制版第10期,理财产品
1907924,利多多鑫盈利12个月定开定制版第8期,理财产品
1916689,浦发银行悦盈利定开12个月定制版第1期,理财产品
1906846,浦发银行2019年益臻系列领市启航05期混合型理财计划,理财产品
1750221,“安得利”第9期个人结构性存款,理财产品
1809841,浦发银行鑫盈利系列封闭式稳利18号(私银专属）,理财产品
1825536,兴业银行和鑫财富-鑫·胜系列2018年第09期非保本浮动收益封闭式人民币理财产品C款,理财产品
2079507,浙江富阳农村商业银行股份有限公司丰收富盈2020年第002期人民币理财产品,理财产品
2079461,天骄鸿运2020年第37期B款,理财产品
2079334,“盛世龙城-鑫享”第26期理财产品,理财产品
2079333,“盛世龙城-鑫享”第25期理财产品,理财产品
2079332,朝阳银行“鑫鑫.赢”第940期理财产品,理财产品
2079317,(网银专享)中银平稳理财计划-智荟系列202267期,理财产品
2079314,(私行级客户专属)中银平稳理财计划-智荟系列202264期,理财产品
2079304,(邀约专属)中银平稳理财计划-智荟系列202254期,理财产品
2079246,中银平稳理财计划-智荟系列202196期,理财产品
2079076,中银平稳理财计划-智荟系列202027期,理财产品
2079068,中银理财计划-搏弈睿选系列20248期,理财产品
2079065,中银理财计划-搏弈睿选系列20245期,理财产品
2079064,中银理财计划-搏弈睿选系列20244期,理财产品
2079061,中银基智通理财计划-流动性增强系列2020年A20522期,理财产品
2079060,中银基智通理财计划-流动性增强系列2020年A20523期,理财产品
2079059,中银基智通理财计划-流动性增强系列2020年A20524期,理财产品
2079058,中银基智通理财计划-流动性增强系列2020年A20525期,理财产品
2079053,中银基智通理财计划-流动性增强系列2020年A20530期,理财产品
2079043,建信理财私行专享“鹏鑫”封闭式理财产品第66期,理财产品
2079031,中银汇增-A计划(美元)2020年第116期,理财产品
2079011,“乾元-顺鑫”2020年第80期理财产品,理财产品
2079010,“安鑫盈”系列封闭式净值型人民币理财产品,理财产品
2079008,“安鑫”系列非保本浮动收益型人民币理财产品,理财产品
2079007,“安鑫”系列非保本浮动收益型人民币理财产品,理财产品
2079006,“安鑫”系列非保本浮动收益型人民币理财产品,理财产品
2079005,“安鑫”系列非保本浮动收益型人民币理财产品,理财产品
2078946,四会农商银行金摇篮惠盈系列2020年第41期理财产品,理财产品
2078941,乌银利鑫系列2020年第5期,理财产品
2078925,中银平稳理财计划-智荟系列209117期,理财产品
2078922,太阳安盈522号,理财产品
2078918,中国建设银行河南省分行“乾元-豫富”2020年第101期理财产品,理财产品
2078905,“汇福”2020年第25期对公理财产品,理财产品
2078857,中原银行鼎盛财富2020年第191期人民币理财产品,理财产品
2078856,中原银行鼎盛财富2020年第190期人民币理财产品,理财产品
2078854,中原银行鼎盛财富2020年第188期人民币理财产品,理财产品
2078852,“吉林农信长红系列”2020118期人民币理财产品,理财产品
2078851,“吉林农信长红系列”2020117期人民币理财产品,理财产品
2078850,“吉林农信长红系列”2020116期人民币理财产品,理财产品
2078848,“吉林农信长富久安系列”2020116期人民币理财产品,理财产品
2078788,启富东疆臻盈理财A20002期,理财产品
2078787,启富东疆臻盈理财A20001期,理财产品
2078754,“瑞盈理财”智多盈系列1号202028期人民币理财产品,理财产品
2078751,薪鑫乐系列2020年第14期封闭式非保本浮动收益型人民币理财产品,理财产品
2078742,“瑞盈理财”宝丰盈系列（2001期28）175天人民币理财产品,理财产品
2078741,“瑞盈理财”宝丰盈系列（2001期28）105天B款人民币理财产品,理财产品
2078724,金港湾惠享1919期净值型人民币理财产品,理财产品
2078468,益友融通-2020年个人炫彩端午节专属理财产品,理财产品
2078466,中国建设银行“乾元―薪享通代工专享”2020年第16期人民币理财产品,理财产品
2078462,中国建设银行“乾元―网银专享”2020年第25期人民币理财产品,理财产品
2078460,中国建设银行“乾元―开鑫享”2020年第121期（高净客户）人民币理财产品,理财产品
2078459,中国建设银行“乾元―开鑫享”2020年第120期（高净客户）人民币理财产品,理财产品
2078458,中国建设银行“乾元―开鑫享”2020年第119期（高净客户）人民币理财产品,理财产品
2078457,中国建设银行“乾元―开鑫享”2020年第118期（高净客户）人民币理财产品,理财产品
2078455,中国建设银行“乾元―优享型”2020年第81期人民币理财产品,理财产品
2078454,中国建设银行“乾元―优享型”2020年第80期人民币理财产品,理财产品
2078449,中国建设银行“乾元―惠众”2020年第36期人民币理财产品,理财产品
2078407,金雪莲系列封闭式净值型理财产品2020年第2期,理财产品
2078377,中国建设银行山东省分行“乾元通财”2020年第225期理财产品,理财产品
2078375,中国建设银行山东省分行“乾元通财”2020年第223期理财产品,理财产品
2078368,中国建设银行河南省分行“乾元-豫富”2020年第97期理财产品,理财产品
2078351,“信合同利”2020年23期A款人民币理财产品,理财产品
2078186,金达保本理财SD8971号,理财产品
2078150,浙江德清农村商业银行股份有限公司“德尊享”2020年第60期封闭净值型人民币理财产品,理财产品
2078131,金苹果C款196期,理财产品
2078052,创盈系列E3027,理财产品
2078047,创盈系列E3021,理财产品
2078045,创盈系列E3019,理财产品
2077967,钱潮系列1号20069期,理财产品
2077933,麒麟赢佳-祥瑞舒心第65期,理财产品
2077930,麒麟赢佳20037期,理财产品
2077916,星旅财富豫见理财产品（安享2020年第99期）,理财产品
2077914,星旅财富豫见理财产品（安享2020年第97期）,理财产品
2077902,江渝财富“天添金”2020年第303期公募封闭式净值型理财产品,理财产品
2077824,长江进利净值型2020年第121期,理财产品
2077823,长江进利净值型2020年第120期,理财产品
2077821,长江鑫利2020年第98期,理财产品
2077816,歙县农商银行“徽府乐”添利系列2020年021期人民币个人理财,理财产品
2077780,邮银财富·智享2020年第53期,理财产品
2077778,邮银财富·瑞享2020年第83期,理财产品
2077721,海门农商银行“江海聚宝-双季盈”系列人民币理财第127期,理财产品
2077718,海门农商银行“江海财富-双季盈”系列人民币理财第180期,理财产品
2077716,海门农商银行“江海财富-月安享”系列人民币理财第180期,理财产品
2077715,南充农商银行财汇盈·升金第56期非保本浮动收益型理财产品,理财产品
2077639,浙江桐庐农村商业银行股份有限公司丰收信福2020年第23期封闭净值型人民币理财产品,理财产品
2077606,2020年“源宝盈·宁溢宝(qnyb2006015)”第五十期,理财产品
2077504,“儒商财富”A款2020年第77期,理财产品
2077503,“儒商财富”A款2020年第76期,理财产品
2077458,融富R2006期01,理财产品
2077442,天山农商银行金天山599号理财产品,理财产品
2077356,太阳同盈205号,理财产品
2077279,临猗农商银行喜临门系列B款2023期人民币理财产品,理财产品
2077263,太阳同盈202号,理财产品
2077252,聚多宝·多盈第20007期社保卡专属人民币理财产品,理财产品
2077246,聚多宝·宝盈系列人民币理财计划第20047期,理财产品
2077195,“幸福99”半年添益2020期银行理财计划,理财产品
2077179,中国建设银行陕西省分行“乾元―丝路（代工专享）”2020年第34期人民币理财产品,理财产品
2077006,工银财富“粽情端午薪满意足”代发工资客户专属理财产品,理财产品
2076938,昆仑财富·油金赢系列封闭式净值型理财产品（2020年第13期吐哈行庆专享）,理财产品
2076632,中银理财-稳富（封闭式）2020年28期,理财产品
2076495,中国建设银行陕西省分行“乾元―丝路”2020年第139期人民币理财产品,理财产品
2076493,中国建设银行陕西省分行“乾元―丝路”2020年第137期人民币理财产品,理财产品
2076492,中国建设银行陕西省分行“乾元―丝路”2020年第136期人民币理财产品,理财产品
2076488,中国建设银行陕西省分行“乾元―丝路”2020年第132期人民币理财产品,理财产品
2076314,旺息宝2号20026期封闭式净值型理财产品,理财产品
2076228,交银添利粤加薪,理财产品
2076213,沃德添利粤盈,理财产品
2076126,私银粤盈,理财产品
2076004,映山红兴享事成36天人民币理财,理财产品
2075913,中国建设银行天津市分行“乾元-津私享型”2020年第106期理财产品,理财产品
2075770,金蝶理财2426期,理财产品
2075732,泰顺丰泰幸福202006期封闭式净值型理财产品,理财产品
2075480,富民尊荣第00315期人民币理财产品,理财产品
2075289,龙盈固定收益类G款67号半年定开理财产品,理财产品
2075220,浙江富阳农村商业银行股份有限公司丰收喜乐2020年第125期人民币理财产品,理财产品
2075123,工银财富深圳区域个人净值型理财产品SZJA2041,理财产品
2075023,赢兴系列代客理财产品2020038期,理财产品
2074858,启富东疆添盈理财664期,理财产品
2074699,金鼎泰利达人民币理财产品20043期,理财产品
2074570,私享稳富1018号,理财产品
2074567,私享稳富1015号,理财产品
2074523,金银杏非保本理财2020年第69期,理财产品
2074516,天天向上721号,理财产品
2074475,理享人生-尊享2020年07003期人民币理财产品,理财产品
2074469,南京银行珠联璧合逸稳7W805D封闭式公募人民币理财产品,理财产品
2074466,“锦鲤鱼2020第10期（端午节专属）”净值型人民币理财产品,理财产品
2074375,“富聚通宝”创盈系列人民币理财计划,理财产品
2074266,鑫湖系列第213期180天,理财产品
2073991,“宝盈理财”卓越（高净值）20036号人民币理财产品,理财产品
2073921,“金色攀枝花”净值型系列封闭式第7期人民币理财产品,理财产品
2073801,2020汇富净值377期,理财产品
2073707,2020聚富计划126期,理财产品
2073666,“乾元-善盈”2020年第104期理财产品,理财产品
2073660,麒麟赢佳财富客户专享2015期,理财产品
2073646,交银添利夏日尊享,理财产品
2073589,龙川理财2025期A款,理财产品
2073142,“福瀛家”幸福1号（2020072期）理财产品,理财产品
2073141,“福瀛家”幸福1号（2020071期）理财产品,理财产品
2073117,廊坊银行坊银系列理财稳健型1号2060期（个人客户）,理财产品
2073116,廊坊银行坊银系列理财稳健型1号2059期（个人客户）,理财产品
2073114,廊坊银行坊银系列理财稳健型1号2057期（个人客户）,理财产品
2073086,廊坊银行“京津明珠”理财智富系列01号824期（个人客户）,理财产品
2072979,中国建设银行河南省分行“乾元-豫富”2020年第94期理财产品,理财产品
2072818,天车稳赢2020年第73期,理财产品
2072817,天车稳赢2020年第72期,理财产品
2072757,财富人生海聚鑫A款2020年第54期理财产品,理财产品
2072704,颍淮农村商业银行“颍利万家”系列非保本浮动收益型人民币理财产品,理财产品
2072611,金牛双满盈2020年创赢6期J款人民币理财产品,理财产品
2072503,交银理财博享稳健增利2001理财产品,理财产品
2072338,太阳稳富2174号,理财产品
2072327,太阳稳富2192号,理财产品
2072326,太阳稳富2191号,理财产品
2072319,太阳稳富2166号,理财产品
2072222,吉林银行吉利财富安稳系列2020年第50期,理财产品
2072201,宁波银行股份有限公司汇通理财2020惠添利21092号,理财产品
2072083,非凡资产管理季增利第447期高净值02款理财产品,理财产品
2072078,非凡资产管理季增利第447期定制款理财产品,理财产品
2072071,非凡资产管理季增利第447期理财产品,理财产品
2072068,丰收.聚金1075号,理财产品
2071874,稳健成长（2020）100期,理财产品
2071842,大庆农商银行“钻得力”-盈利1号2020年第40期人民币理财产品,理财产品
2071724,佛山农商银行2020年金狮理财福禄系列第117期理财计划,理财产品
2071558,龙盈D157号C款（20万元起）,理财产品
2071414,龙盈D141号A款,理财产品
2071243,明珠理财月月赢系列2020年第275期,理财产品
2071242,明珠理财月月赢系列2020年第274期,理财产品
2071172,华夏盈增盈626号B款,理财产品
2071171,华夏盈增盈625号B款,理财产品
2070646,重庆市分行“乾元-鑫鑫向荣”2020年第173期理财产品,理财产品
2070538,红玫瑰智盈系列人民币理财产品2020474期,理财产品
2070288,义乌农商银行“丰收·富盈”2020年第50期人民币理财产品,理财产品
2070278,义乌农商银行“丰收·喜盈”2020年第53期人民币理财产品,理财产品
2070216,中国建设银行山东省分行“乾元通财”2020年第186期理财产品,理财产品
2070215,中国建设银行山东省分行“乾元通财”2020年第185期理财产品,理财产品
2070007,财富快车2020年第169期,理财产品
2070006,财富快车2020年第168期,理财产品
2069808,海融财富·创赢系列人民币个人理财计划2020年460期,理财产品
2069806,海融财富·创赢系列人民币个人理财计划2020年458期,理财产品
2069804,海融财富·创赢系列人民币个人理财计划2020年456期,理财产品
2069761,海融财富·创赢系列人民币个人理财计划2020年413期,理财产品
2069757,海融财富·创赢系列人民币个人理财计划2020年409期,理财产品
2069557,“龙城理财”富盈2092期人民币理财产品,理财产品
2069458,中国建设银行湖南省分行“乾元-福润潇湘”2020年第181期(高净客户)封闭式人民币理财产品,理财产品
2069457,中国建设银行湖南省分行“乾元-福润潇湘”2020年第180期(高净客户)封闭式人民币理财产品,理财产品
2068886,上海农商银行“鑫利”系列鑫安利20145期人民币理财产品,理财产品
2068885,上海农商银行“鑫利”系列鑫安利20144期人民币理财产品,理财产品
2068714,私银粤盈定制,理财产品
2068684,私银粤盈,理财产品
2068638,蕴通财富粤惠2号,理财产品
2068628,蕴通财富粤新享,理财产品
2068623,蕴通财富粤新享,理财产品
2068475,绵阳市商业银行“诸葛”理财2020年第77期,理财产品
2068296,漓江理财2020-103期,理财产品
2068270,金陶2024期双月盈理财,理财产品
2068269,金陶2024期月月盈理财,理财产品
2068012,汇财之舟理财974号,理财产品
2067608,“金钥匙·安心得利·灵珑”2020年第298期封闭净值型人民币理财产品,理财产品
2067607,“金钥匙·安心得利·灵珑”2020年第297期封闭净值型人民币理财产品,理财产品
2067606,“金钥匙·安心得利·灵珑”2020年第296期封闭净值型人民币理财产品,理财产品
2067605,“金钥匙·安心得利·灵珑”2020年第295期封闭净值型人民币理财产品,理财产品
2067604,“金钥匙·安心得利·灵珑”2020年第294期封闭净值型人民币理财产品,理财产品
2067603,“金钥匙·安心得利·灵珑”2020年第293期封闭净值型人民币理财产品,理财产品
2067601,“金钥匙·安心得利·灵珑”2020年第291期封闭净值型人民币理财产品,理财产品
2067489,2020年兰州银行百合理财稳健系列1026号,理财产品
2067477,“金钥匙·安心得利·灵珑”2020年第289期封闭净值型人民币理财产品,理财产品
2067402,2020年兰州银行百合理财家计划系列0044号,理财产品
2067010,2020年吉林农信-发展稳盈70期,理财产品
2066988,2020年吉林农信-发展财富75期,理财产品
2066986,2020年吉林农信-发展财富73期,理财产品
2066913,金石榴惠盈安鑫享2号18M48,理财产品
2065765,2020惠添利11214号(净值型),理财产品
2064821,广西北部湾银行富桂宝惠增益系列W20143期（D105款）理财产品,理财产品
2064789,广西北部湾银行富桂宝稳增益系列W20111期（D104款）理财产品,理财产品
2064541,农银理财“农银进取·三年开放”价值精选第6期人民币理财产品,理财产品
2063834,上海银行“惠享”系列理财产品（WPHX20M06044期),理财产品
2063790,工银财富深圳区域个人净值型理财产品SZJA2039,理财产品
2063061,营口银行渤海聚盈系列2020第36期理财产品,理财产品
2063047,营口银行渤海通宝之成长系列2020第65期理财产品,理财产品
2063046,营口银行渤海通宝之成长系列2020第64期理财产品,理财产品
2062261,“金鹿理财-普惠颐养”20005号开放式净值型银行理财计划,理财产品
2060419,"安徽省分行\""乾元-鑫享事成\""非保本型人民币理财产品2020年第134期",理财产品
2059351,如意-添财第2047期人民币理财产品,理财产品
2059350,如意-添财第2046期人民币理财产品,理财产品
2059236,“宝盈理财”卓越鑫享20038号封闭式净值型人民币理财产品,理财产品
2058057,中国建设银行“乾元”非保本标准资产组合型理财产品2020年第212款,理财产品
2058056,中国建设银行“乾元”非保本标准资产组合型理财产品2020年第211款,理财产品
2055470,龙盈849期D款,理财产品
2055467,龙盈849期A款,理财产品
2054955,金杨树聚赢添富141期,理财产品
2054571,建信理财“睿吉”稳健养老封闭式理财产品2020年第20期,理财产品
2053417,建信理财“睿福”稳健FOF封闭式理财产品2020年第18期,理财产品
2053160,中信理财之乐赢稳健和信2045期净值型人民币理财产品,理财产品
2049916,“金莲花”共享2020年9200102091号理财,理财产品
2049323,新盈120号企业理财产品B款,理财产品
2049224,2020年工银财富专属理财产品CQXT2023,理财产品
2048044,邢台银行2020年祥牛理财050号,理财产品
2048043,邢台银行2020年祥牛理财049号,理财产品
2047857,邢台银行2020年祥牛稳赢理财049号,理财产品
2045002,“盛通理财”锦绣钱程计划A1547号,理财产品
2044654,“椰风海韵”系列-海惠公募2020007号理财产品,理财产品
2042846,浦发银行益鑫利债券增强之1年定开C款,理财产品
2040362,中国建设银行江苏省分行“乾元添福”2020年第166期人民币理财产品,理财产品
2037170,吉祥-添金第2044期人民币理财产品,理财产品
2036204,富江南之鸿富添盈A计划H2001期4-10,理财产品
2035781,兴业银行“丰利宝”结构性理财2020年第48期,理财产品
2023066,“金鹿理财-乐得富”20139期银行理财计划,理财产品
2009171,兴业银行“天天万利宝”2020年第20期非保本浮动收益封闭型人民币理财产品N款,理财产品
2009170,兴业银行“天天万利宝”2020年第19期非保本浮动收益封闭型人民币理财产品N款,理财产品
1993252,1532号增盈企业定制理财产品,理财产品
1970258,润悦1号第37期,理财产品
1906476,快乐金2号915期,理财产品
1906475,快乐金2号914期,理财产品
1892166,快乐金10号2696期,理财产品
1892165,快乐金10号2695期,理财产品
2083833,重庆市分行“乾元-鑫鑫向荣”2020年第668期人民币理财产品(周二荟),理财产品
2083457,邮银财富·智享2020年第64期,理财产品
2083456,邮银财富·智享2020年第65期,理财产品
2083455,邮银财富·智享2020年第63期,理财产品
2083450,“乐惠系列”2020年第87期,理财产品
2083348,“幸福99”金钻固定收益类20091期银行理财计划,理财产品
2083243,甜椰·椰海悦盈之一年定开型（YH2001）理财产品,理财产品
2081433,2020惠私鑫15035号(私银客户专属),理财产品
2078403,代客境外理财产品人民币结构性票据－2020年第8期,理财产品
2078317,中国建设银行江苏省分行“乾元添福”2020年第305期人民币理财产品,理财产品
2078310,金兰花汇富4号2022期,理财产品
2078308,金兰花汇富2号2022期,理财产品
2078298,“金兰花-共享智富”2020年第24期90天人民币理财产品（新客专属）,理财产品
2078296,“金兰花-共享智富”2020年第24期70天人民币理财产品,理财产品
2078249,“金兰花-尊享稳盈”2020年第39期91天人民币理财产品,理财产品
2078217,“金河套·财富”系列202024期人民币理财产品,理财产品
2078207,丹东银行“银杏理财”第20206008期理财产品,理财产品
2078182,丹东银行“意盈鑫”第20209054期理财产品,理财产品
2078181,丹东银行“意盈鑫”第20209053期理财产品,理财产品
2078171,江渝财富“天添金”2020年第55期公募封闭式理财产品,理财产品
2078158,金祥云2020067期理财,理财产品
2078108,昆明官渡农村合作银行农信赢安心系列净值型理财产品第46期,理财产品
2078107,昆明官渡农村合作银行农信赢安心系列净值型理财产品第45期,理财产品
2078106,昆明官渡农村合作银行农信赢安心系列净值型理财产品第44期,理财产品
2078086,“金紫薇”共赢B系列6号人民币理财产品,理财产品
2078061,禾城农商银行丰收丰禾2020年第33期封闭式净值型理财产品,理财产品
2078059,禾城农商银行丰收丰禾2020年第31期封闭式净值型理财产品,理财产品
2078048,创盈系列E3022,理财产品
2078011,瑞安农商银行丰收信福2020年第034期封闭式净值型理财产品,理财产品
2077910,星旅财富“鑫盛稳健”个人理财产品2020年第60期,理财产品
2077909,星旅财富“鑫盛理财”个人理财产品2020年第50期,理财产品
2077784,招商银行金葵十八月定开12号理财计划,理财产品
2077764,"临海农商银行\""丰收信福\""2020年第34期净值型人民币理财产品",理财产品
2077712,九通理财稳盈系列20061期,理财产品
2077595,余姚农村商业银行丰收信福2020043期封闭净值型理财产品,理财产品
2077585,2020年兰州银行小家添富系列A款封闭式净值理财5053号,理财产品
2077574,淮南通商农村商业银行“通银”系列“稳盈”非保本浮动收益型人民币理财产品,理财产品
2077558,吉林农信“九九赢”-稳赢得利·稳赢系列理财产品（第2020190期）,理财产品
2077557,吉林农信“九九赢”-稳赢得利·得利系列理财产品（第2020189期）,理财产品
2077556,吉林农信“九九赢”-稳赢得利·稳赢系列理财产品（第2020188期）,理财产品
2077555,吉林农信“九九赢”-稳赢得利·得利系列理财产品（第2020187期）,理财产品
2077554,吉林农信“九九赢”-稳赢得利·得利系列理财产品（第2020186期）,理财产品
2077553,吉林农信“九九赢”-稳赢得利·稳赢系列理财产品（第2020185期）,理财产品
2077363,淳安农商丰收信福2020年第08期封闭净值型理财产品,理财产品
2077355,太阳同盈204号,理财产品
2077186,"\""幸福99\""丰裕盈家KF01号银行理财计划第5111期预约91天型",理财产品
2077185,"\""幸福99\""丰裕盈家KF01号银行理财计划第5110期预约63天型",理财产品
2077184,"\""幸福99\""丰裕盈家KF01号银行理财计划第5109期预约35天型",理财产品
2077143,吉祥如意吉祥·福第二十期（端午特供）净值型理财产品,理财产品
2077011,西安银行金丝路聚利盈系列封闭式净值型理财产品2020年第28期,理财产品
2076964,宁波通商银行“通银丰利”系列薪利盈理财2号第1018期个人理财计划,理财产品
2076875,太阳同盈197号,理财产品
2076687,金葫芦宏信263,理财产品
2076629,（稳健增长）中银理财“稳富”固收增强（封闭式）2020年50期,理财产品
2076619,浙商银行2020年涌薪增利安享8号人民币理财产品,理财产品
2076521,丁香花理财智赢封闭式净值型202002号18期,理财产品
2076517,丁香花理财智赢封闭式净值型202002号14期,理财产品
2076516,丁香花理财智赢封闭式净值型202002号13期,理财产品
2076432,“薪满益足”200332期（私行专属）,理财产品
2076405,恒裕金理财-丰利系列2020年第195期,理财产品
2076404,恒裕金理财-丰利系列2020年第194期,理财产品
2075937,黄河农村商业银行“金喜鹊·慧盈”第20590期人民币理财产品,理财产品
2075936,黄河农村商业银行“金喜鹊·慧盈”第20589期人民币理财产品,理财产品
2075935,黄河农村商业银行“金喜鹊·慧盈”第20588期人民币理财产品,理财产品
2075439,渤海银行2020年渤盛135号封闭式人民币非保本浮动收益型理财产品,理财产品
2075350,中国建设银行辽宁省分行“乾元-天长利久”2020年224期理财产品,理财产品
2075349,中国建设银行辽宁省分行“乾元-天长利久”2020年223期理财产品,理财产品
2075334,镇海农商银行招宝A+2020018期人民币封闭净值型理财产品,理财产品
2075333,镇海农商银行招宝A+2020017期人民币封闭净值型理财产品,理财产品
2075237,创赢计划“青鑫共享”2020年213期（封闭净值型）,理财产品
2075236,创赢计划“青鑫共享”2020年212期（封闭净值型）,理财产品
2074915,运通财富通家乐346号,理财产品
2074661,云南红塔银行红塔财富梦想1号2020年第24期A款人民币理财产品,理财产品
2074647,招银理财招睿全球资产动量一年定开2号固定收益类理财计划,理财产品
2074608,丁香花理财富赢202002号62期,理财产品
2074607,丁香花理财富赢202002号61期,理财产品
2074561,爽银财富-权益稳健理财第28期,理财产品
2074555,“薪满益足”新资金200321期,理财产品
2074428,秦农银行秦利通宝系列理财计划2020046期,理财产品
2074363,“富融平衡”鑫益系列人民币理财计划,理财产品
2073876,平阳农商银行“丰收·吉祥”丰收吉祥2020年第9期人民币理财产品,理财产品
2073797,2020汇富净值373期,理财产品
2073795,2020汇富净值371期,理财产品
2073758,2020港湾财富253期,理财产品
2073757,2020港湾财富252期,理财产品
2073703,定海海洋农商银行“海洋183号”人民币理财产品,理财产品
2073628,“红钻石”第183期人民币理财产品A款,理财产品
2073599,南通农村商业银行金贝财富·共盈理财月月盈-180,理财产品
2073535,浦发银行益添利稳健之两年期定开型B款,理财产品
2073324,真定安赢2020049期,理财产品
2073052,盈信宝548号,理财产品
2073022,聚金系列封闭式净值型理财产品第52期,理财产品
2072982,中国建设银行河南省分行“乾元-豫富”（聚金）2020年第11期理财产品,理财产品
2072864,中信理财之乐赢成长瑞信一年定开3号净值型人民币理财产品,理财产品
2072703,颍淮农村商业银行“颍利万家”系列非保本浮动收益型人民币理财产品,理财产品
2072588,德州银行“德财富-满满德系列”非保本型2020年第117期人民币理财产品（新客户专属）,理财产品
2072524,慈溪农村商业银行“和美”系列人民币理财产品(第202021期),理财产品
2072348,太阳稳富2184号,理财产品
2072345,太阳稳富2181号,理财产品
2072311,金瑞香理财B20024号人民币理财计划,理财产品
2072173,金瑞香理财A20112号人民币理财计划,理财产品
2071981,萧山农商银行“萧银理财增盈”2020年第270期人民币理财产品,理财产品
2071875,稳健成长（2020）101期,理财产品
2071873,稳健成长（2020）99期,理财产品
2071734,建信理财“嘉鑫”封闭式理财产品2020年第53期,理财产品
2071601,中国建设银行苏州分行“乾元―鑫溢江南”非保本型人民币2020年第268期（特定客户专享）理财产品,理财产品
2071240,明珠理财月月赢系列2020年第272期,理财产品
2071239,明珠理财月月赢系列2020年第271期,理财产品
2071238,明珠理财月月赢系列2020年第270期,理财产品
2070983,渤海银行封闭式固定收益型人民币理财产品（零售私募―2020SG8047）,理财产品
2070963,渤海银行封闭式固定收益型人民币理财产品（零售私募―2020SG281）,理财产品
2070961,渤海银行封闭式固定收益型人民币理财产品（零售私募―2020SG279）,理财产品
2070960,渤海银行封闭式固定收益型人民币理财产品（零售私募―2020SG278）,理财产品
2070959,渤海银行封闭式固定收益型人民币理财产品（零售私募―2020SG277）,理财产品
2070907,渤海银行封闭式混合型人民币理财产品（零售公募―2020GH176）,理财产品
2070906,渤海银行封闭式混合型人民币理财产品（零售公募―2020GH175）,理财产品
2070904,渤海银行封闭式混合型人民币理财产品（零售公募―2020GH173）,理财产品
2070856,渤海银行封闭式固定收益型人民币理财产品（零售公募―2020GG180）,理财产品
2070854,渤海银行封闭式固定收益型人民币理财产品（零售公募―2020GG178）,理财产品
2070817,黄海万利宝（20111206期）人民币理财产品,理财产品
2070784,公司红棉理财-XX天资产组合投资型人民币理财产品,理财产品
2070719,渤海银行2020年渤盛128号封闭式人民币非保本浮动收益型理财产品,理财产品
2070522,红玫瑰智盈系列人民币理财产品2020458期,理财产品
2070469,红玫瑰智盈系列人民币理财产品2020405期,理财产品
2070377,红玫瑰智盈系列理财产品添金2020257期,理财产品
2070329,中国建设银行天津市分行“乾元-津私享型”2020年第104期理财产品,理财产品
2070326,中国建设银行天津市分行“乾元-津私享型”2020年第101期理财产品,理财产品
2070325,中国建设银行天津市分行“乾元-津私享型”2020年第100期理财产品,理财产品
2069443,如意丰裕第230期,理财产品
2069385,金昌盛第178期A款,理财产品
2069294,宁波银行股份有限公司汇通理财2020惠添利21090号,理财产品
2069087,中信理财之全权委托恒赢稳健B款23期净值型人民币理财产品,理财产品
